date,county,state,COUNTYFIPS,total_cases,deaths
2020-12-05,Los Angeles,California,6037.0,439538,7886.0
2020-12-05,Cook,Illinois,17031.0,325813,6922.0
2020-12-05,Miami-Dade,Florida,12086.0,241050,3896.0
2020-12-05,Maricopa,Arizona,4013.0,228051,4146.0
2020-12-05,Harris,Texas,48201.0,196658,3060.0
2020-12-05,Dallas,Texas,48113.0,146320,1620.0
2020-12-05,Clark,Nevada,32003.0,126066,1850.0
2020-12-05,Broward,Florida,12011.0,112729,1694.0
2020-12-05,Tarrant,Texas,48439.0,108480,1094.0
2020-12-05,San Bernardino,California,6071.0,103911,1175.0
2020-12-05,Riverside,California,6065.0,95255,1472.0
2020-12-05,San Diego,California,6073.0,90531,1055.0
2020-12-05,El Paso,Texas,48141.0,89540,1220.0
2020-12-05,Orange,California,6059.0,87150,1618.0
2020-12-05,Salt Lake,Utah,49035.0,86339,428.0
2020-12-05,Bexar,Texas,48029.0,85907,1536.0
2020-12-05,Milwaukee,Wisconsin,55079.0,77390,788.0
2020-12-05,Hennepin,Minnesota,27053.0,72366,1161.0
2020-12-05,Philadelphia,Pennsylvania,42101.0,72314,2106.0
2020-12-05,Wayne,Michigan,26163.0,70257,3313.0
2020-12-05,Palm Beach,Florida,12099.0,68379,1724.0
2020-12-05,Suffolk,New York,36103.0,65993,2072.0
2020-12-05,Nassau,New York,36059.0,64359,2269.0
2020-12-05,Orange,Florida,12095.0,61029,655.0
2020-12-05,Hillsborough,Florida,12057.0,60761,959.0
2020-12-05,Franklin,Ohio,39049.0,59137,680.0
2020-12-05,St. Louis,Missouri,29189.0,55278,1098.0
2020-12-05,Westchester,New York,36119.0,53943,1527.0
2020-12-05,Utah,Utah,49049.0,52848,154.0
2020-12-05,Middlesex,Massachusetts,25017.0,51310,2455.0
2020-12-05,Marion,Indiana,18097.0,51069,967.0
2020-12-05,Shelby,Tennessee,47157.0,50923,702.0
2020-12-05,Oakland,Michigan,26125.0,50593,1414.0
2020-12-05,DuPage,Illinois,17043.0,49976,844.0
2020-12-05,Davidson,Tennessee,47037.0,49622,435.0
2020-12-05,King,Washington,53033.0,47274,933.0
2020-12-05,Duval,Florida,12031.0,46606,637.0
2020-12-05,Mecklenburg,North Carolina,37119.0,46199,469.0
2020-12-05,Cuyahoga,Ohio,39035.0,45412,783.0
2020-12-05,Hidalgo,Texas,48215.0,45387,2090.0
2020-12-05,Kern,California,6029.0,44327,456.0
2020-12-05,Pima,Arizona,4019.0,43930,730.0
2020-12-05,Oklahoma,Oklahoma,40109.0,43884,321.0
2020-12-05,Douglas,Nebraska,31055.0,43793,384.0
2020-12-05,Prince George's,Maryland,24033.0,43660,949.0
2020-12-05,Fulton,Georgia,13121.0,43275,723.0
2020-12-05,Gwinnett,Georgia,13135.0,42459,550.0
2020-12-05,Will,Illinois,17197.0,42380,614.0
2020-12-05,Macomb,Michigan,26099.0,41547,1341.0
2020-12-05,Fairfield,Connecticut,9001.0,41535,1545.0
2020-12-05,Jefferson,Kentucky,21111.0,41452,529.0
2020-12-05,Sacramento,California,6067.0,41095,614.0
2020-12-05,Providence,Rhode Island,44007.0,40206,1059.0
2020-12-05,Fresno,California,6019.0,40108,506.0
2020-12-05,Suffolk,Massachusetts,25025.0,40045,1273.0
2020-12-05,Lake,Illinois,17097.0,39927,675.0
2020-12-05,Travis,Texas,48453.0,39925,494.0
2020-12-05,Denver,Colorado,8031.0,39582,566.0
2020-12-05,Essex,Massachusetts,25009.0,39369,1485.0
2020-12-05,Santa Clara,California,6085.0,38388,504.0
2020-12-05,Essex,New Jersey,34013.0,37969,2259.0
2020-12-05,Bergen,New Jersey,34003.0,37602,2165.0
2020-12-05,Hamilton,Ohio,39061.0,36289,382.0
2020-12-05,Kent,Michigan,26081.0,36189,400.0
2020-12-05,Jefferson,Alabama,1073.0,36002,519.0
2020-12-05,Tulsa,Oklahoma,40143.0,35857,286.0
2020-12-05,Polk,Iowa,19153.0,35702,353.0
2020-12-05,Montgomery,Maryland,24031.0,35583,980.0
2020-12-05,Pinellas,Florida,12103.0,34603,924.0
2020-12-05,Kane,Illinois,17089.0,34125,497.0
2020-12-05,Lubbock,Texas,48303.0,34074,400.0
2020-12-05,Hudson,New Jersey,34017.0,34001,1605.0
2020-12-05,Middlesex,New Jersey,34023.0,33221,1512.0
2020-12-05,New Haven,Connecticut,9009.0,32843,1291.0
2020-12-05,Allegheny,Pennsylvania,42003.0,32651,575.0
2020-12-05,Fairfax,Virginia,51059.0,32579,626.0
2020-12-05,Passaic,New Jersey,34031.0,32459,1337.0
2020-12-05,Cobb,Georgia,13067.0,32103,520.0
2020-12-05,Adams,Colorado,8001.0,32044,374.0
2020-12-05,Lee,Florida,12071.0,31896,598.0
2020-12-05,Alameda,California,6001.0,31892,522.0
2020-12-05,Lake,Indiana,18089.0,31603,514.0
2020-12-05,Wake,North Carolina,37183.0,31316,304.0
2020-12-05,El Paso,Colorado,8041.0,31111,337.0
2020-12-05,Baltimore,Maryland,24005.0,31103,764.0
2020-12-05,Hartford,Connecticut,9003.0,30879,1630.0
2020-12-05,Ramsey,Minnesota,27123.0,30434,535.0
2020-12-05,Waukesha,Wisconsin,55133.0,30414,243.0
2020-12-05,Union,New Jersey,34039.0,30002,1450.0
2020-12-05,Bernalillo,New Mexico,35001.0,29958,381.0
2020-12-05,Dane,Wisconsin,55025.0,29868,107.0
2020-12-05,Arapahoe,Colorado,8005.0,29769,472.0
2020-12-05,Sedgwick,Kansas,20173.0,29764,172.0
2020-12-05,DeKalb,Georgia,13089.0,29386,480.0
2020-12-05,Johnson,Kansas,20091.0,29272,304.0
2020-12-05,Polk,Florida,12105.0,28918,700.0
2020-12-05,Erie,New York,36029.0,28681,870.0
2020-12-05,Collin,Texas,48085.0,28547,277.0
2020-12-05,Ada,Idaho,16001.0,27834,264.0
2020-12-05,Worcester,Massachusetts,25027.0,27814,1311.0
2020-12-05,San Joaquin,California,6077.0,27806,522.0
2020-12-05,Washoe,Nevada,32031.0,27533,314.0
2020-12-05,Cameron,Texas,48061.0,26575,1132.0
2020-12-05,Contra Costa,California,6013.0,26355,267.0
2020-12-05,Denton,Texas,48121.0,26034,242.0
2020-12-05,Baltimore city,Maryland,24510.0,25973,592.0
2020-12-05,Greenville,South Carolina,45045.0,25617,422.0
2020-12-05,Stanislaus,California,6099.0,25486,439.0
2020-12-05,Nueces,Texas,48355.0,25217,499.0
2020-12-05,Montgomery,Ohio,39113.0,24901,280.0
2020-12-05,Jefferson,Louisiana,22051.0,24588,631.0
2020-12-05,Montgomery,Pennsylvania,42091.0,24495,961.0
2020-12-05,Dakota,Minnesota,27037.0,24425,208.0
2020-12-05,Brown,Wisconsin,55009.0,24375,158.0
2020-12-05,Anoka,Minnesota,27003.0,24254,241.0
2020-12-05,Ocean,New Jersey,34029.0,23626,1152.0
2020-12-05,St. Charles,Missouri,29183.0,23457,232.0
2020-12-05,Fort Bend,Texas,48157.0,23389,344.0
2020-12-05,District of Columbia,District of Columbia,11001.0,22872,695.0
2020-12-05,Jefferson,Colorado,8059.0,22830,494.0
2020-12-05,Rockland,New York,36087.0,22633,531.0
2020-12-05,Monmouth,New Jersey,34025.0,22468,917.0
2020-12-05,Tulare,California,6107.0,22386,317.0
2020-12-05,Bristol,Massachusetts,25005.0,22310,885.0
2020-12-05,New Castle,Delaware,10003.0,22204,385.0
2020-12-05,Ventura,California,6111.0,22024,188.0
2020-12-05,Delaware,Pennsylvania,42045.0,21953,873.0
2020-12-05,Minnehaha,South Dakota,46099.0,21579,203.0
2020-12-05,Allen,Indiana,18003.0,21567,366.0
2020-12-05,Richland,South Carolina,45079.0,21332,304.0
2020-12-05,Knox,Tennessee,47093.0,21280,186.0
2020-12-05,Webb,Texas,48479.0,21268,418.0
2020-12-05,Camden,New Jersey,34007.0,21128,697.0
2020-12-05,East Baton Rouge,Louisiana,22033.0,20941,522.0
2020-12-05,Mobile,Alabama,1097.0,20764,377.0
2020-12-05,Charleston,South Carolina,45019.0,20667,300.0
2020-12-05,Winnebago,Illinois,17201.0,20275,298.0
2020-12-05,Hamilton,Tennessee,47065.0,20225,177.0
2020-12-05,Bucks,Pennsylvania,42017.0,20128,718.0
2020-12-05,St. Joseph,Indiana,18141.0,19749,270.0
2020-12-05,Pierce,Washington,53053.0,19717,331.0
2020-12-05,Osceola,Florida,12097.0,19487,245.0
2020-12-05,Rutherford,Tennessee,47149.0,19456,174.0
2020-12-05,Elkhart,Indiana,18039.0,19326,261.0
2020-12-05,Yuma,Arizona,4027.0,19235,409.0
2020-12-05,Multnomah,Oregon,41051.0,19209,269.0
2020-12-05,Prince William,Virginia,51153.0,19161,235.0
2020-12-05,Montgomery,Texas,48339.0,18934,216.0
2020-12-05,Lancaster,Pennsylvania,42071.0,18904,550.0
2020-12-05,Fayette,Kentucky,21067.0,18898,129.0
2020-12-05,Collier,Florida,12021.0,18751,293.0
2020-12-05,Jackson,Missouri,29095.0,18654,190.0
2020-12-05,Spokane,Washington,53063.0,18563,284.0
2020-12-05,Monroe,New York,36055.0,18454,312.0
2020-12-05,Pinal,Arizona,4021.0,18436,273.0
2020-12-05,Lancaster,Nebraska,31109.0,18385,92.0
2020-12-05,Butler,Ohio,39017.0,18288,160.0
2020-12-05,Davis,Utah,49011.0,18154,69.0
2020-12-05,Anchorage,Alaska,2020.0,18105,78.0
2020-12-05,Orange,New York,36071.0,18033,445.0
2020-12-05,Pulaski,Arkansas,5119.0,18014,295.0
2020-12-05,Hampden,Massachusetts,25013.0,17982,926.0
2020-12-05,Anne Arundel,Maryland,24003.0,17970,303.0
2020-12-05,Guilford,North Carolina,37081.0,17868,259.0
2020-12-05,Norfolk,Massachusetts,25021.0,17817,1193.0
2020-12-05,Lucas,Ohio,39095.0,17731,449.0
2020-12-05,Cass,North Dakota,38017.0,17612,135.0
2020-12-05,Manatee,Florida,12081.0,17606,390.0
2020-12-05,Escambia,Florida,12033.0,17514,315.0
2020-12-05,Summit,Ohio,39153.0,17470,399.0
2020-12-05,Volusia,Florida,12127.0,17286,374.0
2020-12-05,Snohomish,Washington,53061.0,16894,315.0
2020-12-05,Monterey,California,6053.0,16737,130.0
2020-12-05,Orleans,Louisiana,22071.0,16733,649.0
2020-12-05,Genesee,Michigan,26049.0,16694,463.0
2020-12-05,Washington,Arkansas,5143.0,16616,182.0
2020-12-05,Imperial,California,6025.0,16555,359.0
2020-12-05,Canyon,Idaho,16027.0,16540,153.0
2020-12-05,Brevard,Florida,12009.0,16529,456.0
2020-12-05,San Francisco,California,6075.0,16502,164.0
2020-12-05,Racine,Wisconsin,55101.0,16329,203.0
2020-12-05,Hamilton,Indiana,18057.0,16325,196.0
2020-12-05,St. Clair,Illinois,17163.0,16277,279.0
2020-12-05,Plymouth,Massachusetts,25023.0,16142,911.0
2020-12-05,Pasco,Florida,12101.0,15948,290.0
2020-12-05,Greene,Missouri,29077.0,15934,220.0
2020-12-05,Madison,Illinois,17119.0,15899,276.0
2020-12-05,Yakima,Washington,53077.0,15815,326.0
2020-12-05,Honolulu,Hawaii,15003.0,15806,198.0
2020-12-05,Leon,Florida,12073.0,15761,150.0
2020-12-05,Horry,South Carolina,45051.0,15647,276.0
2020-12-05,Galveston,Texas,48167.0,15537,187.0
2020-12-05,Berks,Pennsylvania,42011.0,15514,472.0
2020-12-05,Weld,Colorado,8123.0,15486,208.0
2020-12-05,San Mateo,California,6081.0,15468,176.0
2020-12-05,Williamson,Texas,48491.0,15463,175.0
2020-12-05,McHenry,Illinois,17111.0,15349,174.0
2020-12-05,Ottawa,Michigan,26139.0,15326,178.0
2020-12-05,Washington,Minnesota,27163.0,15307,127.0
2020-12-05,Outagamie,Wisconsin,55087.0,15208,136.0
2020-12-05,Winnebago,Wisconsin,55139.0,15093,130.0
2020-12-05,McLennan,Texas,48309.0,15092,211.0
2020-12-05,Brazoria,Texas,48039.0,15088,207.0
2020-12-05,Burlington,New Jersey,34005.0,15034,551.0
2020-12-05,Linn,Iowa,19113.0,14983,171.0
2020-12-05,Stearns,Minnesota,27145.0,14916,130.0
2020-12-05,Madison,Alabama,1089.0,14854,159.0
2020-12-05,Morris,New Jersey,34027.0,14832,870.0
2020-12-05,Mercer,New Jersey,34021.0,14763,668.0
2020-12-05,Doña Ana,New Mexico,35013.0,14689,215.0
2020-12-05,Sarasota,Florida,12115.0,14575,398.0
2020-12-05,Forsyth,North Carolina,37067.0,14448,171.0
2020-12-05,Caddo,Louisiana,22017.0,14271,449.0
2020-12-05,Cleveland,Oklahoma,40027.0,14095,131.0
2020-12-05,Tuscaloosa,Alabama,1125.0,14065,176.0
2020-12-05,Weber,Utah,49057.0,13831,61.0
2020-12-05,St. Louis city,Missouri,29510.0,13815,257.0
2020-12-05,Marion,Florida,12083.0,13810,393.0
2020-12-05,Chester,Pennsylvania,42029.0,13686,416.0
2020-12-05,Hall,Georgia,13139.0,13601,208.0
2020-12-05,York,Pennsylvania,42133.0,13573,261.0
2020-12-05,Seminole,Florida,12117.0,13556,283.0
2020-12-05,Potter,Texas,48375.0,13512,226.0
2020-12-05,Spartanburg,South Carolina,45083.0,13503,295.0
2020-12-05,Alachua,Florida,12001.0,13314,103.0
2020-12-05,San Juan,Puerto Rico,72127.0,13205,
2020-12-05,Benton,Arkansas,5007.0,13131,172.0
2020-12-05,Sonoma,California,6097.0,13098,160.0
2020-12-05,Lehigh,Pennsylvania,42077.0,12930,399.0
2020-12-05,Montgomery,Alabama,1101.0,12919,247.0
2020-12-05,Merced,California,6047.0,12891,191.0
2020-12-05,Lafayette,Louisiana,22055.0,12877,157.0
2020-12-05,Jefferson,Missouri,29099.0,12862,108.0
2020-12-05,Sarpy,Nebraska,31153.0,12665,60.0
2020-12-05,Burleigh,North Dakota,38015.0,12445,128.0
2020-12-05,Williamson,Tennessee,47187.0,12370,87.0
2020-12-05,Onondaga,New York,36067.0,12358,235.0
2020-12-05,Stark,Ohio,39151.0,12344,238.0
2020-12-05,Scott,Iowa,19163.0,12101,95.0
2020-12-05,Wyandotte,Kansas,20209.0,12096,184.0
2020-12-05,Boulder,Colorado,8013.0,12074,135.0
2020-12-05,Douglas,Colorado,8035.0,12042,123.0
2020-12-05,Lexington,South Carolina,45063.0,12029,234.0
2020-12-05,Durham,North Carolina,37063.0,11958,126.0
2020-12-05,Santa Barbara,California,6083.0,11947,138.0
2020-12-05,Kings,California,6031.0,11911,93.0
2020-12-05,Randall,Texas,48381.0,11860,131.0
2020-12-05,Washington,Oregon,41067.0,11801,108.0
2020-12-05,Champaign,Illinois,17019.0,11597,68.0
2020-12-05,Cherokee,Georgia,13057.0,11581,118.0
2020-12-05,Yellowstone,Montana,30111.0,11577,122.0
2020-12-05,Virginia Beach city,Virginia,51810.0,11552,119.0
2020-12-05,Brazos,Texas,48041.0,11531,115.0
2020-12-05,Larimer,Colorado,8069.0,11519,79.0
2020-12-05,Shelby,Alabama,1117.0,11450,79.0
2020-12-05,Vanderburgh,Indiana,18163.0,11436,141.0
2020-12-05,Solano,California,6095.0,11418,85.0
2020-12-05,Black Hawk,Iowa,19013.0,11403,152.0
2020-12-05,Chatham,Georgia,13051.0,11315,212.0
2020-12-05,Washtenaw,Michigan,26161.0,11306,150.0
2020-12-05,St. Lucie,Florida,12111.0,11248,372.0
2020-12-05,Kenosha,Wisconsin,55059.0,11163,165.0
2020-12-05,St. Tammany,Louisiana,22103.0,11128,298.0
2020-12-05,Marathon,Wisconsin,55073.0,11094,153.0
2020-12-05,Lake,Florida,12069.0,11091,258.0
2020-12-05,Richmond,Georgia,13245.0,11084,227.0
2020-12-05,Luzerne,Pennsylvania,42079.0,11071,319.0
2020-12-05,Clayton,Georgia,13063.0,11064,208.0
2020-12-05,Sussex,Delaware,10005.0,11007,264.0
2020-12-05,Gaston,North Carolina,37071.0,10983,188.0
2020-12-05,Jefferson,Texas,48245.0,10980,184.0
2020-12-05,Woodbury,Iowa,19193.0,10946,140.0
2020-12-05,Boone,Missouri,29019.0,10944,30.0
2020-12-05,DeSoto,Mississippi,28033.0,10942,106.0
2020-12-05,Calcasieu,Louisiana,22019.0,10939,252.0
2020-12-05,Westmoreland,Pennsylvania,42129.0,10892,239.0
2020-12-05,Sangamon,Illinois,17167.0,10891,120.0
2020-12-05,Hinds,Mississippi,28049.0,10855,208.0
2020-12-05,Sumner,Tennessee,47165.0,10851,145.0
2020-12-05,Washington,Utah,49053.0,10726,81.0
2020-12-05,Washington,Wisconsin,55131.0,10709,83.0
2020-12-05,Tippecanoe,Indiana,18157.0,10688,38.0
2020-12-05,Ouachita,Louisiana,22073.0,10648,217.0
2020-12-05,Loudoun,Virginia,51107.0,10557,150.0
2020-12-05,York,South Carolina,45091.0,10553,141.0
2020-12-05,Hillsborough,New Hampshire,33011.0,10493,344.0
2020-12-05,Rock,Wisconsin,55105.0,10421,101.0
2020-12-05,Warren,Ohio,39165.0,10404,86.0
2020-12-05,Smith,Texas,48423.0,10366,211.0
2020-12-05,Northampton,Pennsylvania,42095.0,10327,344.0
2020-12-05,Kalamazoo,Michigan,26077.0,10238,181.0
2020-12-05,Marion,Oregon,41047.0,10118,161.0
2020-12-05,Peoria,Illinois,17143.0,10114,144.0
2020-12-05,Cumberland,North Carolina,37051.0,10050,120.0
2020-12-05,Gloucester,New Jersey,34015.0,10032,302.0
2020-12-05,St. Louis,Minnesota,27137.0,9983,131.0
2020-12-05,Johnson,Iowa,19103.0,9976,41.0
2020-12-05,Ingham,Michigan,26065.0,9940,128.0
2020-12-05,Sheboygan,Wisconsin,55117.0,9897,68.0
2020-12-05,Chesterfield,Virginia,51041.0,9874,135.0
2020-12-05,Somerset,New Jersey,34035.0,9794,613.0
2020-12-05,Ector,Texas,48135.0,9754,151.0
2020-12-05,Pueblo,Colorado,8101.0,9749,154.0
2020-12-05,Tom Green,Texas,48451.0,9745,136.0
2020-12-05,Muskegon,Michigan,26121.0,9740,204.0
2020-12-05,Porter,Indiana,18127.0,9730,106.0
2020-12-05,Okaloosa,Florida,12091.0,9713,167.0
2020-12-05,Saginaw,Michigan,26145.0,9641,272.0
2020-12-05,Baldwin,Alabama,1003.0,9626,138.0
2020-12-05,Dubuque,Iowa,19061.0,9618,100.0
2020-12-05,Clark,Washington,53011.0,9542,130.0
2020-12-05,Fond du Lac,Wisconsin,55039.0,9522,60.0
2020-12-05,Mahoning,Ohio,39099.0,9489,305.0
2020-12-05,Henry,Georgia,13151.0,9482,142.0
2020-12-05,St. Johns,Florida,12109.0,9433,99.0
2020-12-05,Dodge,Wisconsin,55027.0,9383,88.0
2020-12-05,Kankakee,Illinois,17091.0,9299,124.0
2020-12-05,Pennington,South Dakota,46103.0,9278,83.0
2020-12-05,Scott,Minnesota,27139.0,9274,63.0
2020-12-05,McLean,Illinois,17113.0,9251,60.0
2020-12-05,Rock Island,Illinois,17161.0,9203,173.0
2020-12-05,Bell,Texas,48027.0,9170,125.0
2020-12-05,Bay,Florida,12005.0,9045,170.0
2020-12-05,La Crosse,Wisconsin,55063.0,8976,39.0
2020-12-05,Dauphin,Pennsylvania,42043.0,8894,225.0
2020-12-05,Wright,Minnesota,27171.0,8849,50.0
2020-12-05,Henrico,Virginia,51087.0,8838,260.0
2020-12-05,Benton,Washington,53005.0,8741,150.0
2020-12-05,Taylor,Texas,48441.0,8733,133.0
2020-12-05,Howard,Maryland,24027.0,8725,153.0
2020-12-05,Navajo,Arizona,4017.0,8707,277.0
2020-12-05,Lake,Ohio,39085.0,8699,81.0
2020-12-05,Atlantic,New Jersey,34001.0,8657,305.0
2020-12-05,Anderson,South Carolina,45007.0,8627,236.0
2020-12-05,Lorain,Ohio,39093.0,8592,116.0
2020-12-05,Jackson,Michigan,26075.0,8588,131.0
2020-12-05,Shawnee,Kansas,20177.0,8568,148.0
2020-12-05,Cache,Utah,49005.0,8567,16.0
2020-12-05,Hays,Texas,48209.0,8559,106.0
2020-12-05,Whitfield,Georgia,13313.0,8516,90.0
2020-12-05,Union,North Carolina,37179.0,8498,76.0
2020-12-05,Clay,Florida,12019.0,8485,154.0
2020-12-05,Pitt,North Carolina,37147.0,8455,52.0
2020-12-05,Kootenai,Idaho,16055.0,8443,86.0
2020-12-05,Clarke,Georgia,13059.0,8379,56.0
2020-12-05,Grand Forks,North Dakota,38035.0,8368,48.0
2020-12-05,Johnston,North Carolina,37101.0,8304,82.0
2020-12-05,Eau Claire,Wisconsin,55035.0,8271,69.0
2020-12-05,Wilson,Tennessee,47189.0,8237,88.0
2020-12-05,Bonneville,Idaho,16019.0,8178,74.0
2020-12-05,Johnson,Indiana,18081.0,8176,188.0
2020-12-05,Lee,Alabama,1081.0,8131,68.0
2020-12-05,Midland,Texas,48329.0,8109,150.0
2020-12-05,Coconino,Arizona,4005.0,8086,182.0
2020-12-05,Marin,California,6041.0,8020,131.0
2020-12-05,Bibb,Georgia,13021.0,8006,242.0
2020-12-05,Santa Rosa,Florida,12113.0,7995,104.0
2020-12-05,Dutchess,New York,36027.0,7955,195.0
2020-12-05,Ellis,Texas,48139.0,7905,127.0
2020-12-05,Ward,North Dakota,38101.0,7877,144.0
2020-12-05,Gallatin,Montana,30031.0,7853,24.0
2020-12-05,Warren,Kentucky,21227.0,7842,81.0
2020-12-05,Wichita,Texas,48485.0,7766,143.0
2020-12-05,Hendricks,Indiana,18063.0,7765,183.0
2020-12-05,Harrison,Mississippi,28047.0,7732,115.0
2020-12-05,Craighead,Arkansas,5031.0,7698,83.0
2020-12-05,Tazewell,Illinois,17179.0,7695,124.0
2020-12-05,Robeson,North Carolina,37155.0,7686,114.0
2020-12-05,Canadian,Oklahoma,40017.0,7668,35.0
2020-12-05,Alamance,North Carolina,37001.0,7665,104.0
2020-12-05,Muscogee,Georgia,13215.0,7631,198.0
2020-12-05,Frederick,Maryland,24021.0,7585,154.0
2020-12-05,McKinley,New Mexico,35031.0,7581,293.0
2020-12-05,Cabarrus,North Carolina,37025.0,7570,109.0
2020-12-05,Walworth,Wisconsin,55127.0,7567,59.0
2020-12-05,Berrien,Michigan,26021.0,7553,127.0
2020-12-05,Catawba,North Carolina,37035.0,7530,101.0
2020-12-05,Morgan,Alabama,1103.0,7512,58.0
2020-12-05,Forsyth,Georgia,13117.0,7492,66.0
2020-12-05,Clermont,Ohio,39025.0,7486,56.0
2020-12-05,Placer,California,6061.0,7461,74.0
2020-12-05,Sebastian,Arkansas,5131.0,7455,122.0
2020-12-05,Beaufort,South Carolina,45013.0,7451,94.0
2020-12-05,New Hanover,North Carolina,37129.0,7429,61.0
2020-12-05,Berkeley,South Carolina,45015.0,7426,105.0
2020-12-05,Olmsted,Minnesota,27109.0,7340,37.0
2020-12-05,Montgomery,Tennessee,47125.0,7318,87.0
2020-12-05,Flathead,Montana,30029.0,7308,39.0
2020-12-05,Sullivan,Tennessee,47163.0,7249,116.0
2020-12-05,Trumbull,Ohio,39155.0,7178,162.0
2020-12-05,Etowah,Alabama,1055.0,7168,70.0
2020-12-05,Twin Falls,Idaho,16083.0,7163,100.0
2020-12-05,Story,Iowa,19169.0,7116,25.0
2020-12-05,Mohave,Arizona,4015.0,7114,269.0
2020-12-05,Clackamas,Oregon,41005.0,7091,87.0
2020-12-05,Florence,South Carolina,45041.0,7082,221.0
2020-12-05,Marshall,Alabama,1095.0,7063,58.0
2020-12-05,Pickens,South Carolina,45077.0,7053,93.0
2020-12-05,Columbia,Georgia,13073.0,7053,82.0
2020-12-05,Tangipahoa,Louisiana,22105.0,7052,145.0
2020-12-05,Calhoun,Alabama,1015.0,7027,127.0
2020-12-05,Pottawattamie,Iowa,19155.0,7016,81.0
2020-12-05,Vigo,Indiana,18167.0,7010,114.0
2020-12-05,Delaware,Ohio,39041.0,6972,42.0
2020-12-05,Richmond city,Virginia,51760.0,6960,82.0
2020-12-05,Macon,Illinois,17115.0,6944,149.0
2020-12-05,Franklin,Washington,53021.0,6934,76.0
2020-12-05,Chesapeake city,Virginia,51550.0,6888,81.0
2020-12-05,Licking,Ohio,39089.0,6883,80.0
2020-12-05,Kendall,Illinois,17093.0,6838,56.0
2020-12-05,Jackson,Mississippi,28059.0,6808,131.0
2020-12-05,Aiken,South Carolina,45003.0,6791,101.0
2020-12-05,Norfolk city,Virginia,51710.0,6786,93.0
2020-12-05,Washington,Tennessee,47179.0,6772,118.0
2020-12-05,Dallas,Iowa,19049.0,6768,60.0
2020-12-05,Centre,Pennsylvania,42027.0,6753,77.0
2020-12-05,Lowndes,Georgia,13185.0,6744,128.0
2020-12-05,Bossier,Louisiana,22015.0,6734,158.0
2020-12-05,LaSalle,Illinois,17099.0,6728,153.0
2020-12-05,San Juan,New Mexico,35045.0,6665,249.0
2020-12-05,New London,Connecticut,9011.0,6648,180.0
2020-12-05,Mesa,Colorado,8077.0,6647,73.0
2020-12-05,Arlington,Virginia,51013.0,6640,158.0
2020-12-05,Fairfield,Ohio,39045.0,6616,67.0
2020-12-05,Cole,Missouri,29051.0,6614,67.0
2020-12-05,Buchanan,Missouri,29021.0,6607,86.0
2020-12-05,Albany,New York,36001.0,6571,153.0
2020-12-05,Bayamon,Puerto Rico,72021.0,6564,
2020-12-05,Rapides,Louisiana,22079.0,6562,194.0
2020-12-05,Greene,Ohio,39057.0,6543,81.0
2020-12-05,Calhoun,Michigan,26025.0,6542,130.0
2020-12-05,San Luis Obispo,California,6079.0,6540,42.0
2020-12-05,Madera,California,6039.0,6537,90.0
2020-12-05,Harford,Maryland,24025.0,6523,109.0
2020-12-05,Erie,Pennsylvania,42049.0,6510,88.0
2020-12-05,Martin,Florida,12085.0,6485,179.0
2020-12-05,Maury,Tennessee,47119.0,6457,77.0
2020-12-05,Livingston,Louisiana,22063.0,6445,96.0
2020-12-05,Rankin,Mississippi,28121.0,6422,115.0
2020-12-05,Sherburne,Minnesota,27141.0,6379,48.0
2020-12-05,Johnson,Texas,48251.0,6364,115.0
2020-12-05,Yavapai,Arizona,4025.0,6356,129.0
2020-12-05,Kenton,Kentucky,21117.0,6298,64.0
2020-12-05,Clark,Ohio,39023.0,6295,144.0
2020-12-05,Livingston,Michigan,26093.0,6290,53.0
2020-12-05,Blount,Tennessee,47009.0,6283,64.0
2020-12-05,Monroe,Indiana,18105.0,6242,62.0
2020-12-05,Cumberland,Pennsylvania,42041.0,6228,168.0
2020-12-05,Putnam,Tennessee,47141.0,6210,85.0
2020-12-05,Dorchester,South Carolina,45035.0,6199,114.0
2020-12-05,Rowan,North Carolina,37159.0,6169,138.0
2020-12-05,Cape Girardeau,Missouri,29031.0,6160,83.0
2020-12-05,Douglas,Georgia,13097.0,6134,93.0
2020-12-05,Jefferson,Wisconsin,55055.0,6123,43.0
2020-12-05,Iredell,North Carolina,37097.0,6118,54.0
2020-12-05,Madison,Indiana,18095.0,6113,141.0
2020-12-05,Kent,Rhode Island,44003.0,6109,145.0
2020-12-05,Kanawha,West Virginia,54039.0,6107,155.0
2020-12-05,Ascension,Louisiana,22005.0,6074,109.0
2020-12-05,Oneida,New York,36065.0,6050,165.0
2020-12-05,Wayne,North Carolina,37191.0,6043,119.0
2020-12-05,Lebanon,Pennsylvania,42075.0,6040,120.0
2020-12-05,Buncombe,North Carolina,37021.0,6027,143.0
2020-12-05,Clark,Indiana,18019.0,6014,94.0
2020-12-05,Monroe,Michigan,26115.0,5976,96.0
2020-12-05,Floyd,Georgia,13115.0,5973,92.0
2020-12-05,Carroll,Georgia,13045.0,5972,99.0
2020-12-05,Medina,Ohio,39103.0,5952,62.0
2020-12-05,Allen,Ohio,39003.0,5940,98.0
2020-12-05,Manitowoc,Wisconsin,55071.0,5896,41.0
2020-12-05,Onslow,North Carolina,37133.0,5880,45.0
2020-12-05,Broome,New York,36007.0,5875,160.0
2020-12-05,Santa Fe,New Mexico,35049.0,5838,41.0
2020-12-05,Coweta,Georgia,13077.0,5833,76.0
2020-12-05,Bradley,Tennessee,47011.0,5830,38.0
2020-12-05,Apache,Arizona,4001.0,5823,200.0
2020-12-05,Sandoval,New Mexico,35043.0,5814,90.0
2020-12-05,Rockingham,New Hampshire,33015.0,5814,114.0
2020-12-05,Randolph,North Carolina,37151.0,5811,93.0
2020-12-05,Kent,Delaware,10001.0,5789,133.0
2020-12-05,Delaware,Indiana,18035.0,5779,113.0
2020-12-05,Davidson,North Carolina,37057.0,5773,55.0
2020-12-05,Ozaukee,Wisconsin,55089.0,5740,44.0
2020-12-05,Madison,Tennessee,47113.0,5732,117.0
2020-12-05,Lackawanna,Pennsylvania,42069.0,5729,234.0
2020-12-05,Lincoln,South Dakota,46083.0,5715,55.0
2020-12-05,Laramie,Wyoming,56021.0,5703,28.0
2020-12-05,Wood,Ohio,39173.0,5695,114.0
2020-12-05,Paulding,Georgia,13223.0,5654,87.0
2020-12-05,Houston,Alabama,1069.0,5650,42.0
2020-12-05,Lee,Mississippi,28081.0,5646,98.0
2020-12-05,Kaufman,Texas,48257.0,5639,87.0
2020-12-05,Alexandria city,Virginia,51510.0,5602,82.0
2020-12-05,Bartow,Georgia,13015.0,5567,109.0
2020-12-05,Boone,Kentucky,21015.0,5543,33.0
2020-12-05,Reno,Kansas,20155.0,5541,58.0
2020-12-05,Cambria,Pennsylvania,42021.0,5529,100.0
2020-12-05,Chaves,New Mexico,35005.0,5517,50.0
2020-12-05,Shasta,California,6089.0,5490,53.0
2020-12-05,Cumberland,New Jersey,34011.0,5474,184.0
2020-12-05,LaPorte,Indiana,18091.0,5465,109.0
2020-12-05,DeKalb,Illinois,17037.0,5458,51.0
2020-12-05,Saline,Arkansas,5125.0,5449,60.0
2020-12-05,Charlotte,Florida,12015.0,5437,200.0
2020-12-05,Jefferson,Arkansas,5069.0,5437,112.0
2020-12-05,Gregg,Texas,48183.0,5426,117.0
2020-12-05,Carolina,Puerto Rico,72031.0,5424,
2020-12-05,Franklin,Pennsylvania,42055.0,5423,133.0
2020-12-05,Cascade,Montana,30013.0,5422,76.0
2020-12-05,Natrona,Wyoming,56025.0,5412,55.0
2020-12-05,Clay,Minnesota,27027.0,5405,62.0
2020-12-05,Clay,Missouri,29047.0,5390,84.0
2020-12-05,Sevier,Tennessee,47155.0,5384,39.0
2020-12-05,Madison,Mississippi,28089.0,5368,113.0
2020-12-05,St. Francois,Missouri,29187.0,5360,47.0
2020-12-05,Miami,Ohio,39109.0,5358,69.0
2020-12-05,Washington,Pennsylvania,42125.0,5348,75.0
2020-12-05,Hernando,Florida,12053.0,5342,229.0
2020-12-05,St. Landry,Louisiana,22097.0,5332,165.0
2020-12-05,Marion,Ohio,39101.0,5332,69.0
2020-12-05,Grant,Washington,53025.0,5315,53.0
2020-12-05,Yolo,California,6113.0,5310,84.0
2020-12-05,Carver,Minnesota,27019.0,5306,16.0
2020-12-05,Faulkner,Arkansas,5045.0,5301,59.0
2020-12-05,Kosciusko,Indiana,18085.0,5289,53.0
2020-12-05,DeKalb,Alabama,1049.0,5282,43.0
2020-12-05,St. Clair,Michigan,26147.0,5260,106.0
2020-12-05,Butler,Pennsylvania,42019.0,5255,92.0
2020-12-05,Comanche,Oklahoma,40031.0,5255,37.0
2020-12-05,Chippewa,Wisconsin,55017.0,5215,57.0
2020-12-05,Jasper,Missouri,29097.0,5208,71.0
2020-12-05,Indian River,Florida,12061.0,5205,141.0
2020-12-05,Houston,Georgia,13153.0,5198,110.0
2020-12-05,Victoria,Texas,48469.0,5187,105.0
2020-12-05,Franklin,Missouri,29071.0,5163,90.0
2020-12-05,Missoula,Montana,30063.0,5161,44.0
2020-12-05,Portage,Wisconsin,55097.0,5138,44.0
2020-12-05,Maverick,Texas,48323.0,5125,175.0
2020-12-05,Douglas,Kansas,20045.0,5113,27.0
2020-12-05,Citrus,Florida,12017.0,5096,181.0
2020-12-05,Hall,Nebraska,31079.0,5046,80.0
2020-12-05,Adams,Illinois,17001.0,5038,57.0
2020-12-05,Bannock,Idaho,16005.0,5022,37.0
2020-12-05,Lafourche,Louisiana,22057.0,5001,142.0
2020-12-05,Cullman,Alabama,1043.0,4985,53.0
2020-12-05,Santa Cruz,California,6087.0,4985,40.0
2020-12-05,Comal,Texas,48091.0,4980,132.0
2020-12-05,Bay,Michigan,26017.0,4969,119.0
2020-12-05,Lea,New Mexico,35025.0,4948,53.0
2020-12-05,Blair,Pennsylvania,42013.0,4946,81.0
2020-12-05,Litchfield,Connecticut,9005.0,4931,174.0
2020-12-05,Columbia,Florida,12023.0,4930,99.0
2020-12-05,Finney,Kansas,20055.0,4929,29.0
2020-12-05,St. Croix,Wisconsin,55109.0,4893,22.0
2020-12-05,Washington,Maryland,24043.0,4890,82.0
2020-12-05,Wood,Wisconsin,55141.0,4881,39.0
2020-12-05,Beaver,Pennsylvania,42007.0,4843,166.0
2020-12-05,Lane,Oregon,41039.0,4838,52.0
2020-12-05,Grayson,Texas,48181.0,4773,118.0
2020-12-05,Ford,Kansas,20057.0,4747,10.0
2020-12-05,Terrebonne,Louisiana,22109.0,4743,139.0
2020-12-05,St. Clair,Alabama,1115.0,4733,57.0
2020-12-05,Matanuska-Susitna Borough,Alaska,2170.0,4699,8.0
2020-12-05,Limestone,Alabama,1083.0,4697,47.0
2020-12-05,Niagara,New York,36063.0,4678,119.0
2020-12-05,Hardin,Kentucky,21093.0,4672,38.0
2020-12-05,Charles,Maryland,24017.0,4668,105.0
2020-12-05,Nash,North Carolina,37127.0,4668,111.0
2020-12-05,Guadalupe,Texas,48187.0,4653,87.0
2020-12-05,Schuylkill,Pennsylvania,42107.0,4641,196.0
2020-12-05,Portage,Ohio,39133.0,4630,77.0
2020-12-05,Kandiyohi,Minnesota,27067.0,4625,33.0
2020-12-05,Umatilla,Oregon,41059.0,4622,50.0
2020-12-05,Cleveland,North Carolina,37045.0,4613,112.0
2020-12-05,Lauderdale,Alabama,1077.0,4593,57.0
2020-12-05,Walker,Texas,48471.0,4565,72.0
2020-12-05,Muskogee,Oklahoma,40101.0,4563,34.0
2020-12-05,Starr,Texas,48427.0,4544,191.0
2020-12-05,Rogers,Oklahoma,40131.0,4539,68.0
2020-12-05,Christian,Missouri,29043.0,4538,24.0
2020-12-05,Parker,Texas,48367.0,4531,73.0
2020-12-05,Payne,Oklahoma,40119.0,4531,22.0
2020-12-05,Rice,Minnesota,27131.0,4527,39.0
2020-12-05,Allegan,Michigan,26005.0,4496,40.0
2020-12-05,Pickaway,Ohio,39129.0,4487,50.0
2020-12-05,Glynn,Georgia,13127.0,4451,125.0
2020-12-05,Elmore,Alabama,1051.0,4446,70.0
2020-12-05,Howard,Indiana,18067.0,4442,85.0
2020-12-05,Madison,Idaho,16065.0,4440,9.0
2020-12-05,Calumet,Wisconsin,55015.0,4419,29.0
2020-12-05,Butte,California,6007.0,4417,60.0
2020-12-05,Hale,Texas,48189.0,4416,102.0
2020-12-05,Blue Earth,Minnesota,27013.0,4415,17.0
2020-12-05,Richland,Ohio,39139.0,4391,46.0
2020-12-05,Vermilion,Illinois,17183.0,4373,62.0
2020-12-05,Burke,North Carolina,37023.0,4366,67.0
2020-12-05,Sumter,South Carolina,45085.0,4365,103.0
2020-12-05,Columbiana,Ohio,39029.0,4353,104.0
2020-12-05,Santa Cruz,Arizona,4023.0,4339,76.0
2020-12-05,Madison,Kentucky,21151.0,4326,20.0
2020-12-05,Waupaca,Wisconsin,55135.0,4321,126.0
2020-12-05,Roanoke city,Virginia,51770.0,4295,78.0
2020-12-05,Wilson,North Carolina,37195.0,4289,85.0
2020-12-05,Jackson,Oregon,41029.0,4287,41.0
2020-12-05,Harnett,North Carolina,37085.0,4282,79.0
2020-12-05,Tuscarawas,Ohio,39157.0,4254,83.0
2020-12-05,Cochise,Arizona,4003.0,4252,89.0
2020-12-05,Garfield,Oklahoma,40047.0,4226,37.0
2020-12-05,Ionia,Michigan,26067.0,4200,27.0
2020-12-05,Newport News city,Virginia,51700.0,4198,56.0
2020-12-05,Acadia,Louisiana,22001.0,4197,118.0
2020-12-05,Morton,North Dakota,38059.0,4194,70.0
2020-12-05,Wayne,Indiana,18177.0,4186,101.0
2020-12-05,Newton,Georgia,13217.0,4180,111.0
2020-12-05,Robertson,Tennessee,47147.0,4164,57.0
2020-12-05,Boone,Illinois,17007.0,4160,38.0
2020-12-05,Cass,Missouri,29037.0,4148,40.0
2020-12-05,Lenawee,Michigan,26091.0,4141,38.0
2020-12-05,Whiteside,Illinois,17195.0,4124,138.0
2020-12-05,Garland,Arkansas,5051.0,4112,110.0
2020-12-05,Forrest,Mississippi,28035.0,4107,89.0
2020-12-05,Cumberland,Maine,23005.0,4097,72.0
2020-12-05,Montgomery,Virginia,51121.0,4084,20.0
2020-12-05,Troup,Georgia,13285.0,4082,126.0
2020-12-05,Daviess,Kentucky,21059.0,4081,54.0
2020-12-05,Orange,North Carolina,37135.0,4080,62.0
2020-12-05,Wayne,Ohio,39169.0,4035,116.0
2020-12-05,Bartholomew,Indiana,18005.0,4024,73.0
2020-12-05,Shawano,Wisconsin,55115.0,4009,55.0
2020-12-05,Middlesex,Connecticut,9007.0,4007,210.0
2020-12-05,Leavenworth,Kansas,20103.0,4001,32.0
2020-12-05,Highlands,Florida,12055.0,3994,160.0
2020-12-05,Jackson,Florida,12063.0,3994,97.0
2020-12-05,Pope,Arkansas,5115.0,3992,45.0
2020-12-05,Williamson,Illinois,17199.0,3979,90.0
2020-12-05,Orangeburg,South Carolina,45075.0,3977,136.0
2020-12-05,Chelan,Washington,53007.0,3970,31.0
2020-12-05,Marquette,Michigan,26103.0,3966,34.0
2020-12-05,Crow Wing,Minnesota,27035.0,3964,40.0
2020-12-05,Pottawatomie,Oklahoma,40125.0,3956,23.0
2020-12-05,Walker,Alabama,1127.0,3950,112.0
2020-12-05,Allegany,Maryland,24001.0,3933,87.0
2020-12-05,Grant,Wisconsin,55043.0,3931,67.0
2020-12-05,Jones,Mississippi,28067.0,3927,90.0
2020-12-05,Tipton,Tennessee,47167.0,3926,39.0
2020-12-05,Monroe,Pennsylvania,42089.0,3918,159.0
2020-12-05,Sauk,Wisconsin,55111.0,3917,19.0
2020-12-05,Sutter,California,6101.0,3915,20.0
2020-12-05,Talladega,Alabama,1121.0,3911,60.0
2020-12-05,Dougherty,Georgia,13095.0,3909,205.0
2020-12-05,Riley,Kansas,20161.0,3905,16.0
2020-12-05,Walton,Florida,12131.0,3883,38.0
2020-12-05,Angelina,Texas,48005.0,3879,107.0
2020-12-05,Sioux,Iowa,19167.0,3879,29.0
2020-12-05,Barron,Wisconsin,55005.0,3875,40.0
2020-12-05,Grant,Indiana,18053.0,3867,60.0
2020-12-05,Iberia,Louisiana,22045.0,3862,110.0
2020-12-05,Sampson,North Carolina,37163.0,3853,49.0
2020-12-05,Columbia,Wisconsin,55021.0,3852,14.0
2020-12-05,Bulloch,Georgia,13031.0,3846,56.0
2020-12-05,Jackson,Alabama,1071.0,3839,23.0
2020-12-05,Brown,South Dakota,46013.0,3828,30.0
2020-12-05,Buffalo,Nebraska,31019.0,3825,41.0
2020-12-05,Webster,Iowa,19187.0,3825,40.0
2020-12-05,Caldwell,North Carolina,37027.0,3816,25.0
2020-12-05,Warrick,Indiana,18173.0,3806,78.0
2020-12-05,Lauderdale,Mississippi,28075.0,3802,150.0
2020-12-05,Hamblen,Tennessee,47063.0,3788,63.0
2020-12-05,Cerro Gordo,Iowa,19033.0,3784,52.0
2020-12-05,Ulster,New York,36111.0,3773,95.0
2020-12-05,Lincoln,North Carolina,37109.0,3752,20.0
2020-12-05,Stark,North Dakota,38089.0,3748,40.0
2020-12-05,Berkeley,West Virginia,54003.0,3747,30.0
2020-12-05,Jackson,Georgia,13157.0,3745,60.0
2020-12-05,Floyd,Indiana,18043.0,3742,84.0
2020-12-05,Barrow,Georgia,13013.0,3732,58.0
2020-12-05,Butler,Kansas,20015.0,3732,13.0
2020-12-05,Fairbanks North Star Borough,Alaska,2090.0,3705,17.0
2020-12-05,Gordon,Georgia,13129.0,3704,60.0
2020-12-05,Sumter,Florida,12119.0,3701,101.0
2020-12-05,Valencia,New Mexico,35061.0,3695,33.0
2020-12-05,Lancaster,South Carolina,45057.0,3676,67.0
2020-12-05,Oconee,South Carolina,45073.0,3670,44.0
2020-12-05,Marshall,Iowa,19127.0,3646,51.0
2020-12-05,Wicomico,Maryland,24045.0,3619,60.0
2020-12-05,Walton,Georgia,13297.0,3617,82.0
2020-12-05,Scotts Bluff,Nebraska,31157.0,3601,33.0
2020-12-05,Carroll,Maryland,24013.0,3597,142.0
2020-12-05,Eaton,Michigan,26045.0,3585,52.0
2020-12-05,Clinton,Illinois,17027.0,3584,65.0
2020-12-05,Marshall,Indiana,18099.0,3566,52.0
2020-12-05,Harrisonburg city,Virginia,51660.0,3565,38.0
2020-12-05,Monongalia,West Virginia,54061.0,3561,7.0
2020-12-05,Fayette,Georgia,13113.0,3554,63.0
2020-12-05,Gratiot,Michigan,26057.0,3545,42.0
2020-12-05,Monroe,Florida,12087.0,3545,28.0
2020-12-05,Rockwall,Texas,48397.0,3540,39.0
2020-12-05,Clinton,Iowa,19045.0,3537,46.0
2020-12-05,Stafford,Virginia,51179.0,3536,22.0
2020-12-05,Otter Tail,Minnesota,27111.0,3526,30.0
2020-12-05,Colbert,Alabama,1033.0,3516,49.0
2020-12-05,Oconto,Wisconsin,55083.0,3515,36.0
2020-12-05,Coles,Illinois,17029.0,3513,64.0
2020-12-05,Fremont,Wyoming,56013.0,3506,38.0
2020-12-05,Duplin,North Carolina,37061.0,3502,63.0
2020-12-05,Gibson,Tennessee,47053.0,3496,72.0
2020-12-05,Lafayette,Mississippi,28071.0,3492,59.0
2020-12-05,Crittenden,Arkansas,5035.0,3489,57.0
2020-12-05,Thurston,Washington,53067.0,3484,54.0
2020-12-05,Mississippi,Arkansas,5093.0,3483,84.0
2020-12-05,Mercer,Pennsylvania,42085.0,3468,57.0
2020-12-05,Washington,Mississippi,28151.0,3442,108.0
2020-12-05,Pettis,Missouri,29159.0,3439,36.0
2020-12-05,Napa,California,6055.0,3433,19.0
2020-12-05,Chisago,Minnesota,27025.0,3431,17.0
2020-12-05,Greene,Tennessee,47059.0,3430,74.0
2020-12-05,Caguas,Puerto Rico,72025.0,3430,
2020-12-05,Barnstable,Massachusetts,25001.0,3429,197.0
2020-12-05,Nassau,Florida,12089.0,3417,57.0
2020-12-05,Hancock,Indiana,18059.0,3414,69.0
2020-12-05,Gadsden,Florida,12039.0,3399,57.0
2020-12-05,Campbell,Kentucky,21037.0,3398,23.0
2020-12-05,Chemung,New York,36015.0,3395,55.0
2020-12-05,Curry,New Mexico,35009.0,3393,28.0
2020-12-05,Val Verde,Texas,48465.0,3393,143.0
2020-12-05,Craven,North Carolina,37049.0,3388,74.0
2020-12-05,Suwannee,Florida,12121.0,3388,87.0
2020-12-05,Henderson,North Carolina,37089.0,3382,74.0
2020-12-05,Marinette,Wisconsin,55075.0,3380,35.0
2020-12-05,Muskingum,Ohio,39119.0,3369,15.0
2020-12-05,Dyer,Tennessee,47045.0,3363,52.0
2020-12-05,Lewis and Clark,Montana,30049.0,3348,18.0
2020-12-05,Spotsylvania,Virginia,51177.0,3340,58.0
2020-12-05,Madison,Nebraska,31119.0,3339,28.0
2020-12-05,Crawford,Arkansas,5033.0,3331,40.0
2020-12-05,Anderson,Tennessee,47001.0,3330,32.0
2020-12-05,Branch,Michigan,26023.0,3322,64.0
2020-12-05,Cass,Indiana,18017.0,3321,33.0
2020-12-05,Benton,Minnesota,27009.0,3319,56.0
2020-12-05,Greene,Arkansas,5055.0,3318,31.0
2020-12-05,Dakota,Nebraska,31043.0,3317,51.0
2020-12-05,Portsmouth city,Virginia,51740.0,3298,71.0
2020-12-05,McCracken,Kentucky,21145.0,3285,30.0
2020-12-05,Rockingham,North Carolina,37157.0,3283,23.0
2020-12-05,Blount,Alabama,1009.0,3281,46.0
2020-12-05,Fremont,Colorado,8043.0,3278,7.0
2020-12-05,Cabell,West Virginia,54011.0,3276,62.0
2020-12-05,Lapeer,Michigan,26087.0,3272,71.0
2020-12-05,Brunswick,North Carolina,37019.0,3269,64.0
2020-12-05,Mercer,Ohio,39107.0,3262,64.0
2020-12-05,Gila,Arizona,4007.0,3262,99.0
2020-12-05,Midland,Michigan,26111.0,3254,31.0
2020-12-05,Platte,Nebraska,31141.0,3254,30.0
2020-12-05,Greenwood,South Carolina,45047.0,3245,86.0
2020-12-05,Eddy,New Mexico,35015.0,3245,50.0
2020-12-05,Campbell,Wyoming,56005.0,3241,17.0
2020-12-05,Tooele,Utah,49045.0,3238,9.0
2020-12-05,Putnam,New York,36079.0,3233,64.0
2020-12-05,White,Arkansas,5145.0,3230,54.0
2020-12-05,Tolland,Connecticut,9013.0,3225,81.0
2020-12-05,Anderson,Texas,48001.0,3223,50.0
2020-12-05,Christian,Kentucky,21047.0,3218,49.0
2020-12-05,Moore,North Carolina,37125.0,3215,65.0
2020-12-05,Darlington,South Carolina,45031.0,3214,76.0
2020-12-05,Nobles,Minnesota,27105.0,3210,34.0
2020-12-05,Buena Vista,Iowa,19021.0,3207,14.0
2020-12-05,Albany,Wyoming,56001.0,3195,9.0
2020-12-05,Van Buren,Michigan,26159.0,3189,53.0
2020-12-05,Roanoke,Virginia,51161.0,3183,35.0
2020-12-05,Bullitt,Kentucky,21029.0,3181,22.0
2020-12-05,Ogle,Illinois,17141.0,3173,48.0
2020-12-05,Coffee,Georgia,13069.0,3173,81.0
2020-12-05,Williams,North Dakota,38105.0,3169,23.0
2020-12-05,Stanly,North Carolina,37167.0,3162,78.0
2020-12-05,Lamar,Mississippi,28073.0,3148,50.0
2020-12-05,Muscatine,Iowa,19139.0,3137,72.0
2020-12-05,Dunn,Wisconsin,55033.0,3117,14.0
2020-12-05,Elko,Nevada,32007.0,3111,19.0
2020-12-05,Coffee,Tennessee,47031.0,3108,43.0
2020-12-05,Taney,Missouri,29213.0,3105,39.0
2020-12-05,Effingham,Illinois,17049.0,3101,31.0
2020-12-05,Seward,Kansas,20175.0,3101,13.0
2020-12-05,Clinton,Michigan,26037.0,3099,27.0
2020-12-05,Dickson,Tennessee,47043.0,3098,39.0
2020-12-05,Dodge,Nebraska,31053.0,3090,37.0
2020-12-05,Knox,Illinois,17095.0,3087,81.0
2020-12-05,Grundy,Illinois,17063.0,3084,26.0
2020-12-05,Des Moines,Iowa,19057.0,3081,23.0
2020-12-05,Kershaw,South Carolina,45055.0,3075,66.0
2020-12-05,Callaway,Missouri,29027.0,3074,11.0
2020-12-05,Guaynabo,Puerto Rico,72061.0,3070,
2020-12-05,Carter,Tennessee,47019.0,3063,63.0
2020-12-05,Newton,Missouri,29145.0,3063,38.0
2020-12-05,Warren,Iowa,19181.0,3056,17.0
2020-12-05,Winona,Minnesota,27169.0,3047,32.0
2020-12-05,Noble,Indiana,18113.0,3043,52.0
2020-12-05,Wagoner,Oklahoma,40145.0,3042,38.0
2020-12-05,Hancock,Ohio,39063.0,3033,53.0
2020-12-05,Northumberland,Pennsylvania,42097.0,3028,141.0
2020-12-05,Bingham,Idaho,16011.0,3025,32.0
2020-12-05,Bedford,Tennessee,47003.0,3020,39.0
2020-12-05,Hot Spring,Arkansas,5059.0,3014,44.0
2020-12-05,Surry,North Carolina,37171.0,3002,49.0
2020-12-05,Bryan,Oklahoma,40013.0,2991,24.0
2020-12-05,Grady,Oklahoma,40051.0,2990,23.0
2020-12-05,Lawrence,Tennessee,47099.0,2987,38.0
2020-12-05,Shelby,Indiana,18145.0,2982,71.0
2020-12-05,Autauga,Alabama,1001.0,2979,42.0
2020-12-05,Darke,Ohio,39037.0,2973,63.0
2020-12-05,Wood,West Virginia,54107.0,2973,20.0
2020-12-05,Lonoke,Arkansas,5085.0,2966,59.0
2020-12-05,Boone,Indiana,18011.0,2961,59.0
2020-12-05,Plymouth,Iowa,19149.0,2960,45.0
2020-12-05,Schenectady,New York,36093.0,2957,60.0
2020-12-05,Henry,Illinois,17073.0,2956,23.0
2020-12-05,Rockdale,Georgia,13247.0,2953,63.0
2020-12-05,Henry,Indiana,18065.0,2947,42.0
2020-12-05,El Dorado,California,6017.0,2933,5.0
2020-12-05,Kenai Peninsula Borough,Alaska,2122.0,2929,9.0
2020-12-05,Jackson,Illinois,17077.0,2926,39.0
2020-12-05,Lynchburg city,Virginia,51680.0,2922,36.0
2020-12-05,Putnam,Florida,12107.0,2919,60.0
2020-12-05,Douglas,Minnesota,27041.0,2918,42.0
2020-12-05,Dubois,Indiana,18037.0,2912,35.0
2020-12-05,Creek,Oklahoma,40037.0,2910,52.0
2020-12-05,Hunt,Texas,48231.0,2908,64.0
2020-12-05,Sussex,New Jersey,34037.0,2906,200.0
2020-12-05,Hampton city,Virginia,51650.0,2903,35.0
2020-12-05,Wilkes,North Carolina,37193.0,2893,55.0
2020-12-05,Indiana,Pennsylvania,42063.0,2893,55.0
2020-12-05,Georgetown,South Carolina,45043.0,2879,68.0
2020-12-05,St. Martin,Louisiana,22099.0,2879,73.0
2020-12-05,Ross,Ohio,39141.0,2876,66.0
2020-12-05,Codington,South Dakota,46029.0,2872,57.0
2020-12-05,Scott,Missouri,29201.0,2871,42.0
2020-12-05,Flagler,Florida,12035.0,2867,43.0
2020-12-05,Suffolk city,Virginia,51800.0,2867,80.0
2020-12-05,McMinn,Tennessee,47107.0,2863,57.0
2020-12-05,Walker,Georgia,13295.0,2862,54.0
2020-12-05,Mower,Minnesota,27099.0,2861,23.0
2020-12-05,Columbus,North Carolina,37047.0,2855,74.0
2020-12-05,Navarro,Texas,48349.0,2842,45.0
2020-12-05,Windham,Connecticut,9015.0,2837,34.0
2020-12-05,Monroe,Wisconsin,55081.0,2832,15.0
2020-12-05,St. Joseph,Michigan,26149.0,2824,37.0
2020-12-05,Lyon,Kansas,20111.0,2812,50.0
2020-12-05,St. Charles,Louisiana,22089.0,2812,70.0
2020-12-05,Obion,Tennessee,47131.0,2811,55.0
2020-12-05,Oldham,Kentucky,21185.0,2811,36.0
2020-12-05,Ashtabula,Ohio,39007.0,2806,57.0
2020-12-05,Erie,Ohio,39043.0,2802,70.0
2020-12-05,Fayette,Pennsylvania,42051.0,2796,26.0
2020-12-05,Polk,Minnesota,27119.0,2793,30.0
2020-12-05,Pierce,Wisconsin,55093.0,2792,23.0
2020-12-05,Lamar,Texas,48277.0,2787,75.0
2020-12-05,Saline,Kansas,20169.0,2786,31.0
2020-12-05,Carson City,Nevada,32510.0,2786,27.0
2020-12-05,Jackson,Indiana,18071.0,2777,39.0
2020-12-05,Cumberland,Tennessee,47035.0,2777,38.0
2020-12-05,Deschutes,Oregon,41017.0,2761,15.0
2020-12-05,Laurens,Georgia,13175.0,2757,116.0
2020-12-05,Tift,Georgia,13277.0,2753,78.0
2020-12-05,Lycoming,Pennsylvania,42081.0,2751,47.0
2020-12-05,Morgan,Indiana,18109.0,2750,50.0
2020-12-05,Marion,Illinois,17121.0,2742,66.0
2020-12-05,Vermilion,Louisiana,22113.0,2741,76.0
2020-12-05,Hunterdon,New Jersey,34019.0,2741,132.0
2020-12-05,Baldwin,Georgia,13009.0,2738,72.0
2020-12-05,Warren,New Jersey,34041.0,2734,173.0
2020-12-05,Henderson,Texas,48213.0,2734,58.0
2020-12-05,Auglaize,Ohio,39011.0,2728,42.0
2020-12-05,Laurel,Kentucky,21125.0,2722,11.0
2020-12-05,Toa Baja,Puerto Rico,72137.0,2721,
2020-12-05,Isabella,Michigan,26073.0,2720,25.0
2020-12-05,Otero,New Mexico,35035.0,2717,30.0
2020-12-05,Wapello,Iowa,19179.0,2713,72.0
2020-12-05,Kitsap,Washington,53035.0,2707,32.0
2020-12-05,Rutherford,North Carolina,37161.0,2705,91.0
2020-12-05,Stutsman,North Dakota,38093.0,2701,46.0
2020-12-05,McClain,Oklahoma,40087.0,2698,18.0
2020-12-05,Lincoln,Louisiana,22061.0,2697,61.0
2020-12-05,Lincoln,Missouri,29113.0,2695,13.0
2020-12-05,Colquitt,Georgia,13071.0,2693,49.0
2020-12-05,Franklin,Alabama,1059.0,2685,34.0
2020-12-05,Ware,Georgia,13299.0,2682,82.0
2020-12-05,Lowndes,Mississippi,28087.0,2679,68.0
2020-12-05,Geauga,Ohio,39055.0,2678,51.0
2020-12-05,Johnson,Missouri,29101.0,2673,16.0
2020-12-05,Saratoga,New York,36091.0,2672,21.0
2020-12-05,Dearborn,Indiana,18029.0,2671,35.0
2020-12-05,Oktibbeha,Mississippi,28105.0,2657,63.0
2020-12-05,Edgecombe,North Carolina,37065.0,2653,73.0
2020-12-05,Granville,North Carolina,37077.0,2652,59.0
2020-12-05,Coryell,Texas,48099.0,2647,17.0
2020-12-05,Stephenson,Illinois,17177.0,2642,42.0
2020-12-05,Washington,Rhode Island,44009.0,2641,90.0
2020-12-05,Laurens,South Carolina,45059.0,2640,68.0
2020-12-05,Coffee,Alabama,1031.0,2637,23.0
2020-12-05,Whatcom,Washington,53073.0,2637,66.0
2020-12-05,Trempealeau,Wisconsin,55121.0,2636,22.0
2020-12-05,Ellis,Kansas,20051.0,2630,28.0
2020-12-05,Le Flore,Oklahoma,40079.0,2628,27.0
2020-12-05,Delta,Michigan,26041.0,2626,64.0
2020-12-05,Hanover,Virginia,51085.0,2622,56.0
2020-12-05,Lee,North Carolina,37105.0,2612,32.0
2020-12-05,Liberty,Texas,48291.0,2612,69.0
2020-12-05,Roane,Tennessee,47145.0,2610,33.0
2020-12-05,Camden,Missouri,29029.0,2608,49.0
2020-12-05,Bowie,Texas,48037.0,2603,107.0
2020-12-05,Crawford,Kansas,20037.0,2601,18.0
2020-12-05,Lawrence,Pennsylvania,42073.0,2597,77.0
2020-12-05,Hendry,Florida,12051.0,2594,45.0
2020-12-05,Polk,Georgia,13233.0,2590,35.0
2020-12-05,Bolivar,Mississippi,28011.0,2589,86.0
2020-12-05,Scioto,Ohio,39145.0,2577,24.0
2020-12-05,Brookings,South Dakota,46011.0,2570,18.0
2020-12-05,Spalding,Georgia,13255.0,2568,86.0
2020-12-05,Orange,Texas,48361.0,2563,54.0
2020-12-05,Morrison,Minnesota,27097.0,2562,32.0
2020-12-05,Warren,Tennessee,47177.0,2560,19.0
2020-12-05,Lincoln,Arkansas,5079.0,2560,19.0
2020-12-05,York,Maine,23031.0,2559,34.0
2020-12-05,Malheur,Oregon,41045.0,2550,45.0
2020-12-05,Habersham,Georgia,13137.0,2546,84.0
2020-12-05,Montcalm,Michigan,26117.0,2546,32.0
2020-12-05,Putnam,Ohio,39137.0,2541,57.0
2020-12-05,Eagle,Colorado,8037.0,2536,12.0
2020-12-05,Jefferson,Tennessee,47089.0,2536,35.0
2020-12-05,Hampshire,Massachusetts,25015.0,2536,165.0
2020-12-05,Pulaski,Kentucky,21199.0,2532,29.0
2020-12-05,Box Elder,Utah,49003.0,2531,18.0
2020-12-05,Texas,Oklahoma,40139.0,2529,13.0
2020-12-05,Clark,Wisconsin,55019.0,2528,47.0
2020-12-05,Logan,Colorado,8075.0,2521,40.0
2020-12-05,Bastrop,Texas,48021.0,2520,38.0
2020-12-05,Oneida,Wisconsin,55085.0,2519,41.0
2020-12-05,Dale,Alabama,1045.0,2510,59.0
2020-12-05,Cherokee,Oklahoma,40021.0,2503,11.0
2020-12-05,Loudon,Tennessee,47105.0,2497,21.0
2020-12-05,Macoupin,Illinois,17117.0,2495,27.0
2020-12-05,Toa Alta,Puerto Rico,72135.0,2493,
2020-12-05,Davison,South Dakota,46035.0,2493,41.0
2020-12-05,DeSoto,Florida,12027.0,2492,37.0
2020-12-05,Randolph,Illinois,17157.0,2492,28.0
2020-12-05,Garfield,Colorado,8045.0,2490,10.0
2020-12-05,Lincoln,Nebraska,31111.0,2488,18.0
2020-12-05,McLeod,Minnesota,27085.0,2483,23.0
2020-12-05,Nez Perce,Idaho,16069.0,2481,38.0
2020-12-05,Douglas,Wisconsin,55031.0,2471,12.0
2020-12-05,Livingston,Illinois,17105.0,2471,40.0
2020-12-05,Rockingham,Virginia,51165.0,2469,36.0
2020-12-05,Panola,Mississippi,28107.0,2455,55.0
2020-12-05,Wasatch,Utah,49051.0,2455,13.0
2020-12-05,Union,Ohio,39159.0,2454,14.0
2020-12-05,Cass,Michigan,26027.0,2449,31.0
2020-12-05,Chatham,North Carolina,37037.0,2446,65.0
2020-12-05,Whitman,Washington,53075.0,2443,24.0
2020-12-05,Barry,Michigan,26015.0,2442,16.0
2020-12-05,St. Mary,Louisiana,22101.0,2441,96.0
2020-12-05,Adams,Pennsylvania,42001.0,2424,50.0
2020-12-05,Lassen,California,6035.0,2422,2.0
2020-12-05,Morgan,Illinois,17137.0,2420,55.0
2020-12-05,Walla Walla,Washington,53071.0,2416,31.0
2020-12-05,Fayette,Tennessee,47047.0,2410,40.0
2020-12-05,Summit,Utah,49043.0,2406,5.0
2020-12-05,Yuba,California,6115.0,2403,11.0
2020-12-05,Monroe,Tennessee,47123.0,2401,46.0
2020-12-05,Silver Bow,Montana,30093.0,2399,31.0
2020-12-05,Lyon,Minnesota,27083.0,2398,14.0
2020-12-05,Jones,Iowa,19105.0,2397,19.0
2020-12-05,Frederick,Virginia,51069.0,2394,19.0
2020-12-05,Polk,Wisconsin,55095.0,2384,18.0
2020-12-05,Shelby,Kentucky,21211.0,2383,27.0
2020-12-05,Dallas,Alabama,1047.0,2378,33.0
2020-12-05,Manassas city,Virginia,51683.0,2377,28.0
2020-12-05,McCurtain,Oklahoma,40089.0,2372,47.0
2020-12-05,Chilton,Alabama,1021.0,2372,45.0
2020-12-05,Crawford,Pennsylvania,42039.0,2370,30.0
2020-12-05,Beadle,South Dakota,46005.0,2367,32.0
2020-12-05,Lawrence,Ohio,39087.0,2367,41.0
2020-12-05,Washington,Louisiana,22117.0,2367,80.0
2020-12-05,Somerset,Pennsylvania,42111.0,2365,21.0
2020-12-05,Jasper,Iowa,19099.0,2365,46.0
2020-12-05,Beltrami,Minnesota,27007.0,2363,19.0
2020-12-05,Lenoir,North Carolina,37107.0,2361,55.0
2020-12-05,Covington,Alabama,1039.0,2358,38.0
2020-12-05,Russell,Alabama,1113.0,2350,3.0
2020-12-05,Neshoba,Mississippi,28099.0,2349,124.0
2020-12-05,Cecil,Maryland,24015.0,2349,51.0
2020-12-05,Graham,Arizona,4009.0,2340,38.0
2020-12-05,Gibson,Indiana,18051.0,2339,34.0
2020-12-05,Chippewa,Michigan,26033.0,2336,13.0
2020-12-05,St. Mary's,Maryland,24037.0,2335,66.0
2020-12-05,Goodhue,Minnesota,27049.0,2332,34.0
2020-12-05,Butler,Missouri,29023.0,2327,9.0
2020-12-05,Lee,Iowa,19111.0,2327,21.0
2020-12-05,Culpeper,Virginia,51047.0,2326,19.0
2020-12-05,Shelby,Ohio,39149.0,2325,18.0
2020-12-05,Merrimack,New Hampshire,33013.0,2324,37.0
2020-12-05,Hardeman,Tennessee,47069.0,2318,38.0
2020-12-05,Nelson,Kentucky,21179.0,2317,12.0
2020-12-05,Marshall,Mississippi,28093.0,2314,51.0
2020-12-05,Athens,Ohio,39009.0,2301,4.0
2020-12-05,Monroe,Illinois,17133.0,2300,48.0
2020-12-05,Catoosa,Georgia,13047.0,2300,30.0
2020-12-05,Weakley,Tennessee,47183.0,2299,36.0
2020-12-05,Franklin,Tennessee,47051.0,2297,40.0
2020-12-05,Bureau,Illinois,17011.0,2296,55.0
2020-12-05,Sullivan,New York,36105.0,2288,38.0
2020-12-05,Shiawassee,Michigan,26155.0,2286,49.0
2020-12-05,Becker,Minnesota,27005.0,2286,23.0
2020-12-05,Franklin,Illinois,17055.0,2281,32.0
2020-12-05,Effingham,Georgia,13103.0,2279,33.0
2020-12-05,Henderson,Kentucky,21101.0,2277,41.0
2020-12-05,Cherokee,South Carolina,45021.0,2258,69.0
2020-12-05,Miller,Arkansas,5091.0,2254,22.0
2020-12-05,Cassia,Idaho,16031.0,2249,18.0
2020-12-05,Broomfield,Colorado,8014.0,2243,51.0
2020-12-05,Mifflin,Pennsylvania,42087.0,2237,51.0
2020-12-05,Custer,Oklahoma,40039.0,2236,18.0
2020-12-05,Cibola,New Mexico,35006.0,2234,49.0
2020-12-05,Washington,Oklahoma,40147.0,2231,49.0
2020-12-05,Wise,Texas,48497.0,2228,48.0
2020-12-05,Independence,Arkansas,5063.0,2227,71.0
2020-12-05,Knox,Indiana,18083.0,2223,24.0
2020-12-05,Avoyelles,Louisiana,22009.0,2220,70.0
2020-12-05,DeKalb,Indiana,18033.0,2213,40.0
2020-12-05,Grand Traverse,Michigan,26055.0,2209,24.0
2020-12-05,East Feliciana,Louisiana,22037.0,2206,85.0
2020-12-05,Newberry,South Carolina,45071.0,2203,67.0
2020-12-05,Pontotoc,Mississippi,28115.0,2202,32.0
2020-12-05,Hawkins,Tennessee,47073.0,2196,36.0
2020-12-05,Leflore,Mississippi,28083.0,2196,93.0
2020-12-05,Monroe,Mississippi,28095.0,2192,78.0
2020-12-05,Steele,Minnesota,27147.0,2191,8.0
2020-12-05,Lee,Illinois,17103.0,2188,42.0
2020-12-05,Clinton,Indiana,18023.0,2187,29.0
2020-12-05,Lawrence,South Dakota,46081.0,2186,23.0
2020-12-05,Putnam,West Virginia,54079.0,2184,37.0
2020-12-05,Skagit,Washington,53057.0,2182,32.0
2020-12-05,Seneca,Ohio,39147.0,2181,21.0
2020-12-05,St. Francis,Arkansas,5123.0,2178,15.0
2020-12-05,Itasca,Minnesota,27061.0,2178,25.0
2020-12-05,Franklin,North Carolina,37069.0,2177,33.0
2020-12-05,Howard,Texas,48227.0,2176,43.0
2020-12-05,Lincoln,Wisconsin,55069.0,2172,49.0
2020-12-05,Osage,Oklahoma,40113.0,2171,19.0
2020-12-05,Chambers,Texas,48071.0,2168,22.0
2020-12-05,Marion,Iowa,19125.0,2167,25.0
2020-12-05,Natchitoches,Louisiana,22069.0,2163,51.0
2020-12-05,Pontotoc,Oklahoma,40123.0,2156,15.0
2020-12-05,Barren,Kentucky,21009.0,2155,33.0
2020-12-05,Sheridan,Wyoming,56033.0,2153,11.0
2020-12-05,Douglas,Washington,53017.0,2152,13.0
2020-12-05,Iron,Utah,49021.0,2152,6.0
2020-12-05,Lauderdale,Tennessee,47097.0,2152,23.0
2020-12-05,Allen,Louisiana,22003.0,2150,68.0
2020-12-05,Lawrence,Indiana,18093.0,2148,54.0
2020-12-05,Caddo,Oklahoma,40015.0,2142,34.0
2020-12-05,Dawson,Nebraska,31047.0,2140,19.0
2020-12-05,Webster,Louisiana,22119.0,2138,59.0
2020-12-05,Jim Wells,Texas,48249.0,2136,56.0
2020-12-05,Iberville,Louisiana,22047.0,2133,66.0
2020-12-05,Halifax,North Carolina,37083.0,2128,37.0
2020-12-05,San Benito,California,6069.0,2124,18.0
2020-12-05,Clearfield,Pennsylvania,42033.0,2121,21.0
2020-12-05,Deaf Smith,Texas,48117.0,2114,41.0
2020-12-05,Carlton,Minnesota,27017.0,2105,20.0
2020-12-05,Isanti,Minnesota,27059.0,2104,21.0
2020-12-05,Hoke,North Carolina,37093.0,2102,33.0
2020-12-05,Baker,Florida,12003.0,2100,33.0
2020-12-05,Okeechobee,Florida,12093.0,2099,44.0
2020-12-05,Sweetwater,Wyoming,56037.0,2098,10.0
2020-12-05,Escambia,Alabama,1053.0,2096,32.0
2020-12-05,Jefferson,Illinois,17081.0,2095,63.0
2020-12-05,St. John the Baptist,Louisiana,22095.0,2094,116.0
2020-12-05,Belmont,Ohio,39013.0,2093,30.0
2020-12-05,Bradford,Pennsylvania,42015.0,2092,43.0
2020-12-05,Nodaway,Missouri,29147.0,2090,14.0
2020-12-05,Delaware,Oklahoma,40041.0,2083,39.0
2020-12-05,Trujillo Alto,Puerto Rico,72139.0,2077,
2020-12-05,Bee,Texas,48025.0,2074,40.0
2020-12-05,Carroll,Iowa,19027.0,2073,26.0
2020-12-05,Kay,Oklahoma,40071.0,2070,26.0
2020-12-05,Evangeline,Louisiana,22039.0,2067,46.0
2020-12-05,Murray,Georgia,13213.0,2062,24.0
2020-12-05,Scotland,North Carolina,37165.0,2061,43.0
2020-12-05,Armstrong,Pennsylvania,42005.0,2057,47.0
2020-12-05,Wabash,Indiana,18169.0,2055,27.0
2020-12-05,Bremer,Iowa,19017.0,2052,14.0
2020-12-05,McDowell,North Carolina,37111.0,2050,34.0
2020-12-05,Lincoln,Mississippi,28085.0,2049,67.0
2020-12-05,Luna,New Mexico,35029.0,2049,30.0
2020-12-05,Graves,Kentucky,21083.0,2046,39.0
2020-12-05,Chattahoochee,Georgia,13053.0,2044,3.0
2020-12-05,Thomas,Georgia,13275.0,2044,83.0
2020-12-05,Pike,Kentucky,21195.0,2044,22.0
2020-12-05,Woodward,Oklahoma,40153.0,2038,8.0
2020-12-05,Nacogdoches,Texas,48347.0,2036,89.0
2020-12-05,Hopkins,Kentucky,21107.0,2036,62.0
2020-12-05,Juneau,Wisconsin,55057.0,2034,7.0
2020-12-05,Rensselaer,New York,36083.0,2034,57.0
2020-12-05,Adams,Indiana,18001.0,2031,26.0
2020-12-05,Albemarle,Virginia,51003.0,2030,27.0
2020-12-05,Yankton,South Dakota,46135.0,2026,15.0
2020-12-05,Jackson,Arkansas,5067.0,2023,10.0
2020-12-05,Boyd,Kentucky,21019.0,2022,25.0
2020-12-05,Watauga,North Carolina,37189.0,2022,8.0
2020-12-05,Bedford,Virginia,51019.0,2018,21.0
2020-12-05,Christian,Illinois,17021.0,2016,47.0
2020-12-05,Jessamine,Kentucky,21113.0,2016,35.0
2020-12-05,Steuben,New York,36101.0,2016,93.0
2020-12-05,Pittsburg,Oklahoma,40121.0,2011,21.0
2020-12-05,Sunflower,Mississippi,28133.0,2011,56.0
2020-12-05,Woodford,Illinois,17203.0,2011,31.0
2020-12-05,Miami,Indiana,18103.0,2011,19.0
2020-12-05,Lawrence,Missouri,29109.0,2010,39.0
2020-12-05,Henry,Virginia,51089.0,2008,41.0
2020-12-05,Madison,Ohio,39097.0,2007,19.0
2020-12-05,Henderson,Tennessee,47077.0,2006,34.0
2020-12-05,Fayette,Illinois,17051.0,2003,39.0
2020-12-05,Jackson,Oklahoma,40065.0,2002,35.0
2020-12-05,Jerome,Idaho,16053.0,2001,14.0
2020-12-05,Richmond,North Carolina,37153.0,2000,40.0
2020-12-05,Sandusky,Ohio,39143.0,1995,35.0
2020-12-05,Pender,North Carolina,37141.0,1992,17.0
2020-12-05,Wayne,Tennessee,47181.0,1991,12.0
2020-12-05,Henry,Iowa,19087.0,1985,8.0
2020-12-05,San Patricio,Texas,48409.0,1985,86.0
2020-12-05,Boone,Arkansas,5009.0,1985,45.0
2020-12-05,Laclede,Missouri,29105.0,1984,33.0
2020-12-05,Oswego,New York,36075.0,1980,12.0
2020-12-05,Harvey,Kansas,20079.0,1975,17.0
2020-12-05,Washington,Virginia,51191.0,1966,34.0
2020-12-05,Todd,Minnesota,27153.0,1965,15.0
2020-12-05,Jackson,Wisconsin,55053.0,1964,5.0
2020-12-05,Logan,Illinois,17107.0,1960,26.0
2020-12-05,Polk,Missouri,29167.0,1959,34.0
2020-12-05,Huron,Ohio,39077.0,1956,22.0
2020-12-05,White,Tennessee,47185.0,1955,19.0
2020-12-05,Macon,Tennessee,47111.0,1954,31.0
2020-12-05,Camden,Georgia,13039.0,1952,21.0
2020-12-05,Phelps,Missouri,29161.0,1947,51.0
2020-12-05,Tuscola,Michigan,26157.0,1941,61.0
2020-12-05,Webster,Missouri,29225.0,1934,27.0
2020-12-05,Trousdale,Tennessee,47169.0,1934,12.0
2020-12-05,Warren,Mississippi,28149.0,1930,59.0
2020-12-05,Huntingdon,Pennsylvania,42061.0,1928,62.0
2020-12-05,Tallapoosa,Alabama,1123.0,1928,92.0
2020-12-05,Marion,Missouri,29127.0,1926,18.0
2020-12-05,St. Bernard,Louisiana,22087.0,1921,34.0
2020-12-05,Caldwell,Texas,48055.0,1916,39.0
2020-12-05,Hillsdale,Michigan,26059.0,1916,43.0
2020-12-05,Vance,North Carolina,37181.0,1912,60.0
2020-12-05,Ottawa,Oklahoma,40115.0,1912,25.0
2020-12-05,Calloway,Kentucky,21035.0,1911,17.0
2020-12-05,Charlottesville city,Virginia,51540.0,1908,31.0
2020-12-05,Brown,Texas,48049.0,1907,45.0
2020-12-05,Okmulgee,Oklahoma,40111.0,1906,23.0
2020-12-05,Hardin,Tennessee,47071.0,1906,29.0
2020-12-05,Van Zandt,Texas,48467.0,1905,44.0
2020-12-05,Sequoyah,Oklahoma,40135.0,1903,14.0
2020-12-05,Berkshire,Massachusetts,25003.0,1903,68.0
2020-12-05,Rhea,Tennessee,47143.0,1901,36.0
2020-12-05,Chambers,Alabama,1017.0,1901,54.0
2020-12-05,Carroll,Tennessee,47017.0,1899,36.0
2020-12-05,Marshall,Tennessee,47117.0,1897,22.0
2020-12-05,Stephens,Oklahoma,40137.0,1893,19.0
2020-12-05,Adams,Nebraska,31001.0,1892,25.0
2020-12-05,Carteret,North Carolina,37031.0,1891,14.0
2020-12-05,Scott,Kentucky,21209.0,1889,21.0
2020-12-05,Yamhill,Oregon,41071.0,1889,18.0
2020-12-05,Green,Wisconsin,55045.0,1889,6.0
2020-12-05,Pulaski,Missouri,29169.0,1888,24.0
2020-12-05,Waushara,Wisconsin,55137.0,1887,11.0
2020-12-05,Tate,Mississippi,28137.0,1887,51.0
2020-12-05,Pittsylvania,Virginia,51143.0,1885,24.0
2020-12-05,Dickinson,Michigan,26043.0,1884,56.0
2020-12-05,Iroquois,Illinois,17075.0,1882,35.0
2020-12-05,Meade,South Dakota,46093.0,1880,15.0
2020-12-05,Preble,Ohio,39135.0,1876,22.0
2020-12-05,Tehama,California,6103.0,1876,26.0
2020-12-05,Union,Pennsylvania,42119.0,1870,19.0
2020-12-05,Big Horn,Montana,30003.0,1863,50.0
2020-12-05,Titus,Texas,48449.0,1853,41.0
2020-12-05,Carter,Oklahoma,40019.0,1852,15.0
2020-12-05,Chesterfield,South Carolina,45025.0,1848,55.0
2020-12-05,Montgomery,Indiana,18107.0,1847,31.0
2020-12-05,Crawford,Iowa,19047.0,1846,16.0
2020-12-05,Chautauqua,New York,36013.0,1841,9.0
2020-12-05,Jefferson,Ohio,39081.0,1838,16.0
2020-12-05,Daviess,Indiana,18027.0,1837,56.0
2020-12-05,Lincoln,Tennessee,47103.0,1836,22.0
2020-12-05,Hood,Texas,48221.0,1832,55.0
2020-12-05,Jefferson Davis,Louisiana,22053.0,1829,52.0
2020-12-05,Newaygo,Michigan,26123.0,1829,21.0
2020-12-05,Platte,Missouri,29165.0,1825,17.0
2020-12-05,Union,Mississippi,28145.0,1825,26.0
2020-12-05,Fayette,Indiana,18041.0,1822,41.0
2020-12-05,Latah,Idaho,16057.0,1822,3.0
2020-12-05,Kewaunee,Wisconsin,55061.0,1821,21.0
2020-12-05,Beaufort,North Carolina,37013.0,1817,55.0
2020-12-05,Bedford,Pennsylvania,42009.0,1815,49.0
2020-12-05,Minidoka,Idaho,16067.0,1812,18.0
2020-12-05,Salem,New Jersey,34033.0,1809,98.0
2020-12-05,Hardee,Florida,12049.0,1807,19.0
2020-12-05,Strafford,New Hampshire,33017.0,1805,16.0
2020-12-05,Jasper,Indiana,18073.0,1802,19.0
2020-12-05,Sevier,Arkansas,5133.0,1794,18.0
2020-12-05,Door,Wisconsin,55029.0,1794,12.0
2020-12-05,Washington,Ohio,39167.0,1792,29.0
2020-12-05,Defiance,Ohio,39039.0,1792,40.0
2020-12-05,Nicollet,Minnesota,27103.0,1788,27.0
2020-12-05,Poinsett,Arkansas,5111.0,1786,45.0
2020-12-05,Cape May,New Jersey,34009.0,1783,116.0
2020-12-05,Cowley,Kansas,20035.0,1783,9.0
2020-12-05,Barton,Kansas,20009.0,1782,13.0
2020-12-05,Franklin,Louisiana,22041.0,1778,65.0
2020-12-05,Benton,Iowa,19011.0,1778,23.0
2020-12-05,Copiah,Mississippi,28029.0,1776,41.0
2020-12-05,Mayes,Oklahoma,40097.0,1774,21.0
2020-12-05,Yell,Arkansas,5149.0,1774,35.0
2020-12-05,Ponce,Puerto Rico,72113.0,1774,
2020-12-05,Harrison,Texas,48203.0,1772,46.0
2020-12-05,Vega Baja,Puerto Rico,72145.0,1770,
2020-12-05,Ripley,Indiana,18137.0,1768,26.0
2020-12-05,Cherokee,Texas,48073.0,1768,62.0
2020-12-05,Steuben,Indiana,18151.0,1767,16.0
2020-12-05,Linn,Oregon,41043.0,1764,24.0
2020-12-05,Ohio,West Virginia,54069.0,1764,20.0
2020-12-05,Dunklin,Missouri,29069.0,1762,14.0
2020-12-05,Toombs,Georgia,13279.0,1761,70.0
2020-12-05,Raleigh,West Virginia,54081.0,1759,17.0
2020-12-05,Whitley,Kentucky,21235.0,1759,8.0
2020-12-05,Harrison,Indiana,18061.0,1758,28.0
2020-12-05,Morgan,Colorado,8087.0,1756,58.0
2020-12-05,Cocke,Tennessee,47029.0,1756,30.0
2020-12-05,Alexander,North Carolina,37003.0,1754,18.0
2020-12-05,Stoddard,Missouri,29207.0,1751,24.0
2020-12-05,Logan,Oklahoma,40083.0,1745,4.0
2020-12-05,Payette,Idaho,16075.0,1744,15.0
2020-12-05,Cheatham,Tennessee,47021.0,1742,17.0
2020-12-05,Teton,Wyoming,56039.0,1739,2.0
2020-12-05,Wharton,Texas,48481.0,1738,71.0
2020-12-05,Hughes,South Dakota,46065.0,1737,21.0
2020-12-05,Mendocino,California,6045.0,1737,23.0
2020-12-05,Wayne,Georgia,13305.0,1730,49.0
2020-12-05,Pike,Mississippi,28113.0,1725,60.0
2020-12-05,Chittenden,Vermont,50007.0,1724,44.0
2020-12-05,Ravalli,Montana,30081.0,1722,15.0
2020-12-05,Franklin,Virginia,51067.0,1719,17.0
2020-12-05,Knox,Ohio,39083.0,1717,20.0
2020-12-05,Moore,Texas,48341.0,1715,34.0
2020-12-05,Wakulla,Florida,12129.0,1714,16.0
2020-12-05,Campbell,Tennessee,47013.0,1712,24.0
2020-12-05,Danville city,Virginia,51590.0,1712,51.0
2020-12-05,Pearl River,Mississippi,28109.0,1709,71.0
2020-12-05,Oglala Lakota,South Dakota,46102.0,1709,27.0
2020-12-05,Whitley,Indiana,18183.0,1706,17.0
2020-12-05,Calvert,Maryland,24009.0,1706,39.0
2020-12-05,Mille Lacs,Minnesota,27095.0,1704,34.0
2020-12-05,Haywood,Tennessee,47075.0,1704,30.0
2020-12-05,Williamsburg,South Carolina,45089.0,1703,52.0
2020-12-05,McDonald,Missouri,29119.0,1703,24.0
2020-12-05,Polk,Texas,48373.0,1700,42.0
2020-12-05,Arecibo,Puerto Rico,72013.0,1699,
2020-12-05,Garvin,Oklahoma,40049.0,1695,17.0
2020-12-05,Itawamba,Mississippi,28057.0,1694,37.0
2020-12-05,Fulton,Ohio,39051.0,1691,31.0
2020-12-05,Bethel Census Area,Alaska,2050.0,1689,7.0
2020-12-05,Yazoo,Mississippi,28163.0,1688,41.0
2020-12-05,Yadkin,North Carolina,37197.0,1687,18.0
2020-12-05,Scurry,Texas,48415.0,1686,24.0
2020-12-05,Langlade,Wisconsin,55067.0,1686,37.0
2020-12-05,Taylor,Florida,12123.0,1685,21.0
2020-12-05,Scott,Mississippi,28123.0,1684,30.0
2020-12-05,Chester,South Carolina,45023.0,1683,37.0
2020-12-05,Houghton,Michigan,26061.0,1682,17.0
2020-12-05,Jefferson,Idaho,16051.0,1679,11.0
2020-12-05,McPherson,Kansas,20113.0,1679,11.0
2020-12-05,Summit,Colorado,8117.0,1677,4.0
2020-12-05,Fulton,Illinois,17057.0,1675,15.0
2020-12-05,Atascosa,Texas,48013.0,1673,43.0
2020-12-05,Henry,Tennessee,47079.0,1673,22.0
2020-12-05,Freeborn,Minnesota,27047.0,1673,7.0
2020-12-05,Androscoggin,Maine,23001.0,1673,30.0
2020-12-05,Union,Arkansas,5139.0,1671,59.0
2020-12-05,McDonough,Illinois,17109.0,1669,44.0
2020-12-05,LaGrange,Indiana,18087.0,1663,36.0
2020-12-05,Decatur,Georgia,13087.0,1662,46.0
2020-12-05,Clarke,Alabama,1025.0,1660,22.0
2020-12-05,Pike,Alabama,1109.0,1660,15.0
2020-12-05,Stephens,Georgia,13257.0,1658,47.0
2020-12-05,Crawford,Ohio,39033.0,1658,20.0
2020-12-05,Jones,Texas,48253.0,1656,12.0
2020-12-05,Howell,Missouri,29091.0,1654,31.0
2020-12-05,Hawaii,Hawaii,15001.0,1654,43.0
2020-12-05,Saline,Missouri,29195.0,1654,12.0
2020-12-05,Alcorn,Mississippi,28003.0,1640,31.0
2020-12-05,Le Sueur,Minnesota,27079.0,1639,12.0
2020-12-05,Lafayette,Missouri,29107.0,1634,30.0
2020-12-05,Fauquier,Virginia,51061.0,1633,28.0
2020-12-05,Miller,Missouri,29131.0,1633,26.0
2020-12-05,Huntington,Indiana,18069.0,1631,12.0
2020-12-05,Warren,Missouri,29219.0,1630,14.0
2020-12-05,Greenup,Kentucky,21089.0,1628,16.0
2020-12-05,Hardin,Texas,48199.0,1625,42.0
2020-12-05,Harrison,West Virginia,54033.0,1623,24.0
2020-12-05,Liberty,Georgia,13179.0,1622,30.0
2020-12-05,Perry,Missouri,29157.0,1620,12.0
2020-12-05,Brown,Minnesota,27015.0,1619,15.0
2020-12-05,Sabine,Louisiana,22085.0,1619,21.0
2020-12-05,Carbon,Pennsylvania,42025.0,1618,59.0
2020-12-05,Dillon,South Carolina,45033.0,1616,53.0
2020-12-05,Logan,Ohio,39091.0,1616,21.0
2020-12-05,Medina,Texas,48325.0,1616,50.0
2020-12-05,Columbia,Pennsylvania,42037.0,1610,51.0
2020-12-05,Coahoma,Mississippi,28027.0,1610,46.0
2020-12-05,Prentiss,Mississippi,28117.0,1608,34.0
2020-12-05,Upson,Georgia,13293.0,1608,80.0
2020-12-05,La Plata,Colorado,8067.0,1603,5.0
2020-12-05,Giles,Tennessee,47055.0,1600,50.0
2020-12-05,Overton,Tennessee,47133.0,1594,37.0
2020-12-05,White,Indiana,18181.0,1593,24.0
2020-12-05,Franklin,Kentucky,21073.0,1593,17.0
2020-12-05,Carroll,Arkansas,5015.0,1592,23.0
2020-12-05,Cass,Minnesota,27021.0,1591,12.0
2020-12-05,Tama,Iowa,19171.0,1584,42.0
2020-12-05,Simpson,Mississippi,28127.0,1579,54.0
2020-12-05,Washington,Florida,12133.0,1578,27.0
2020-12-05,Ontario,New York,36069.0,1575,31.0
2020-12-05,Saline,Nebraska,31151.0,1572,3.0
2020-12-05,Bryan,Georgia,13029.0,1571,18.0
2020-12-05,Decatur,Indiana,18031.0,1570,49.0
2020-12-05,Holmes,Ohio,39075.0,1569,41.0
2020-12-05,Nevada,California,6057.0,1569,16.0
2020-12-05,Putnam,Indiana,18133.0,1566,32.0
2020-12-05,Worcester,Maryland,24047.0,1564,39.0
2020-12-05,Cowlitz,Washington,53015.0,1549,14.0
2020-12-05,Rolette,North Dakota,38079.0,1548,17.0
2020-12-05,Meeker,Minnesota,27093.0,1548,12.0
2020-12-05,Wells,Indiana,18179.0,1544,40.0
2020-12-05,Jackson,Iowa,19097.0,1541,17.0
2020-12-05,Baxter,Arkansas,5005.0,1536,30.0
2020-12-05,Jefferson,West Virginia,54037.0,1536,16.0
2020-12-05,Colleton,South Carolina,45029.0,1534,51.0
2020-12-05,Washington,Iowa,19183.0,1531,16.0
2020-12-05,Muhlenberg,Kentucky,21177.0,1531,24.0
2020-12-05,Marion,Alabama,1093.0,1530,36.0
2020-12-05,Smith,Tennessee,47159.0,1529,20.0
2020-12-05,Morehouse,Louisiana,22067.0,1528,35.0
2020-12-05,Washington,Missouri,29221.0,1528,22.0
2020-12-05,Barry,Missouri,29009.0,1527,29.0
2020-12-05,Burnet,Texas,48053.0,1523,19.0
2020-12-05,Pine,Minnesota,27115.0,1523,8.0
2020-12-05,Marlboro,South Carolina,45069.0,1516,20.0
2020-12-05,Mineral,West Virginia,54057.0,1515,28.0
2020-12-05,Adams,Mississippi,28001.0,1515,52.0
2020-12-05,Shelby,Illinois,17173.0,1514,27.0
2020-12-05,Erath,Texas,48143.0,1514,22.0
2020-12-05,Randolph,Indiana,18135.0,1512,25.0
2020-12-05,Lincoln,Oklahoma,40081.0,1509,26.0
2020-12-05,Vernon,Louisiana,22115.0,1508,66.0
2020-12-05,Grenada,Mississippi,28043.0,1507,45.0
2020-12-05,Green Lake,Wisconsin,55047.0,1506,9.0
2020-12-05,Prince George,Virginia,51149.0,1503,7.0
2020-12-05,Ottawa,Ohio,39123.0,1503,32.0
2020-12-05,Shenandoah,Virginia,51171.0,1503,63.0
2020-12-05,Gage,Nebraska,31067.0,1503,9.0
2020-12-05,Oconee,Georgia,13219.0,1500,36.0
2020-12-05,Walsh,North Dakota,38099.0,1500,16.0
2020-12-05,Boone,Iowa,19015.0,1498,12.0
2020-12-05,Dorado,Puerto Rico,72051.0,1496,
2020-12-05,Johnson,Tennessee,47091.0,1493,23.0
2020-12-05,Delaware,Iowa,19055.0,1491,22.0
2020-12-05,Pointe Coupee,Louisiana,22077.0,1484,49.0
2020-12-05,Douglas,Illinois,17041.0,1484,19.0
2020-12-05,Levy,Florida,12075.0,1482,14.0
2020-12-05,Leake,Mississippi,28079.0,1481,44.0
2020-12-05,Dickinson,Iowa,19059.0,1477,12.0
2020-12-05,Winston,Alabama,1133.0,1472,25.0
2020-12-05,Rio Arriba,New Mexico,35039.0,1472,25.0
2020-12-05,Union,Louisiana,22111.0,1471,59.0
2020-12-05,Marshall,West Virginia,54051.0,1468,32.0
2020-12-05,Bradford,Florida,12007.0,1467,19.0
2020-12-05,Jefferson,Indiana,18077.0,1466,20.0
2020-12-05,Jackson,North Carolina,37099.0,1465,10.0
2020-12-05,Nye,Nevada,32023.0,1465,31.0
2020-12-05,Mercer,West Virginia,54055.0,1465,41.0
2020-12-05,Montgomery,North Carolina,37123.0,1463,43.0
2020-12-05,Waseca,Minnesota,27161.0,1463,11.0
2020-12-05,Emanuel,Georgia,13107.0,1462,48.0
2020-12-05,Beauregard,Louisiana,22011.0,1461,50.0
2020-12-05,McNairy,Tennessee,47109.0,1458,34.0
2020-12-05,Lyon,Nevada,32019.0,1456,21.0
2020-12-05,Clay,Indiana,18021.0,1450,26.0
2020-12-05,Beckham,Oklahoma,40009.0,1450,17.0
2020-12-05,Park,Wyoming,56029.0,1449,6.0
2020-12-05,Richland,Louisiana,22083.0,1449,32.0
2020-12-05,Grimes,Texas,48185.0,1448,41.0
2020-12-05,Lavaca,Texas,48285.0,1443,44.0
2020-12-05,Taylor,Wisconsin,55119.0,1440,15.0
2020-12-05,Saunders,Nebraska,31155.0,1439,8.0
2020-12-05,Audrain,Missouri,29007.0,1431,16.0
2020-12-05,Jersey,Illinois,17083.0,1431,24.0
2020-12-05,Bladen,North Carolina,37017.0,1427,20.0
2020-12-05,Hockley,Texas,48219.0,1427,58.0
2020-12-05,West Baton Rouge,Louisiana,22121.0,1425,44.0
2020-12-05,Ashland,Ohio,39005.0,1423,33.0
2020-12-05,Clay,South Dakota,46027.0,1422,11.0
2020-12-05,Lawrence,Alabama,1079.0,1421,36.0
2020-12-05,Clarendon,South Carolina,45027.0,1421,70.0
2020-12-05,White,Georgia,13311.0,1419,28.0
2020-12-05,Polk,Oregon,41053.0,1412,22.0
2020-12-05,Hill,Montana,30041.0,1412,28.0
2020-12-05,Crawford,Wisconsin,55023.0,1411,9.0
2020-12-05,Menominee,Michigan,26109.0,1410,19.0
2020-12-05,Haralson,Georgia,13143.0,1409,27.0
2020-12-05,New Madrid,Missouri,29143.0,1409,24.0
2020-12-05,Williams,Ohio,39171.0,1407,12.0
2020-12-05,Posey,Indiana,18129.0,1400,22.0
2020-12-05,Iowa,Wisconsin,55049.0,1400,6.0
2020-12-05,Augusta,Virginia,51015.0,1399,12.0
2020-12-05,Bon Homme,South Dakota,46009.0,1398,20.0
2020-12-05,Sanpete,Utah,49039.0,1395,5.0
2020-12-05,Covington,Mississippi,28031.0,1394,44.0
2020-12-05,George,Mississippi,28039.0,1393,26.0
2020-12-05,Gray,Texas,48179.0,1392,22.0
2020-12-05,Willacy,Texas,48489.0,1389,61.0
2020-12-05,Adams,Washington,53001.0,1387,12.0
2020-12-05,Vilas,Wisconsin,55125.0,1386,13.0
2020-12-05,Blaine,Idaho,16013.0,1384,7.0
2020-12-05,Newport,Rhode Island,44005.0,1380,8.0
2020-12-05,O'Brien,Iowa,19141.0,1379,32.0
2020-12-05,Holmes,Mississippi,28051.0,1379,61.0
2020-12-05,Okanogan,Washington,53047.0,1378,15.0
2020-12-05,Scott,Indiana,18143.0,1377,29.0
2020-12-05,Lumpkin,Georgia,13187.0,1376,20.0
2020-12-05,Gilmer,Georgia,13123.0,1376,33.0
2020-12-05,Cattaraugus,New York,36009.0,1374,27.0
2020-12-05,Accomack,Virginia,51001.0,1374,21.0
2020-12-05,Davie,North Carolina,37059.0,1372,13.0
2020-12-05,Marion,South Carolina,45067.0,1370,49.0
2020-12-05,Tippah,Mississippi,28139.0,1370,30.0
2020-12-05,Bristol,Rhode Island,44001.0,1369,44.0
2020-12-05,De Soto,Louisiana,22031.0,1366,39.0
2020-12-05,Jackson,Ohio,39079.0,1365,13.0
2020-12-05,Appling,Georgia,13001.0,1364,41.0
2020-12-05,Roseau,Minnesota,27135.0,1364,7.0
2020-12-05,Mahaska,Iowa,19123.0,1364,28.0
2020-12-05,Floyd,Kentucky,21071.0,1363,8.0
2020-12-05,Brown,Ohio,39015.0,1361,5.0
2020-12-05,Winston,Mississippi,28159.0,1360,29.0
2020-12-05,Lafayette,Florida,12067.0,1359,21.0
2020-12-05,Bell,Kentucky,21013.0,1358,20.0
2020-12-05,Mecosta,Michigan,26107.0,1357,11.0
2020-12-05,Colfax,Nebraska,31037.0,1356,13.0
2020-12-05,Matagorda,Texas,48321.0,1356,63.0
2020-12-05,Lewis,Washington,53041.0,1353,18.0
2020-12-05,Wayne,New York,36117.0,1347,19.0
2020-12-05,Washington,Nebraska,31177.0,1347,12.0
2020-12-05,Haywood,North Carolina,37087.0,1346,42.0
2020-12-05,Johnson,Arkansas,5071.0,1343,13.0
2020-12-05,Hancock,Mississippi,28045.0,1341,43.0
2020-12-05,Seminole,Oklahoma,40133.0,1339,12.0
2020-12-05,Wright,Iowa,19197.0,1339,7.0
2020-12-05,Sumter,Georgia,13261.0,1337,71.0
2020-12-05,Mayaguez,Puerto Rico,72097.0,1336,
2020-12-05,Crowley,Colorado,8025.0,1336,5.0
2020-12-05,Vega Alta,Puerto Rico,72143.0,1334,
2020-12-05,Taylor,Kentucky,21217.0,1331,10.0
2020-12-05,Oceana,Michigan,26127.0,1328,25.0
2020-12-05,Franklin,Georgia,13119.0,1328,23.0
2020-12-05,Chattooga,Georgia,13055.0,1327,35.0
2020-12-05,Clinton,Ohio,39027.0,1324,19.0
2020-12-05,Gonzales,Texas,48177.0,1322,24.0
2020-12-05,Adair,Oklahoma,40001.0,1321,13.0
2020-12-05,Wise,Virginia,51195.0,1320,50.0
2020-12-05,Montrose,Colorado,8085.0,1319,16.0
2020-12-05,Madison,Florida,12079.0,1319,27.0
2020-12-05,Randolph,Missouri,29175.0,1313,9.0
2020-12-05,Highland,Ohio,39071.0,1312,18.0
2020-12-05,Knox,Kentucky,21121.0,1310,10.0
2020-12-05,Moniteau,Missouri,29135.0,1308,15.0
2020-12-05,Logan,Kentucky,21141.0,1307,36.0
2020-12-05,Pickens,Alabama,1107.0,1306,21.0
2020-12-05,Geneva,Alabama,1061.0,1305,9.0
2020-12-05,DeWitt,Texas,48123.0,1304,46.0
2020-12-05,Martin,Minnesota,27091.0,1301,22.0
2020-12-05,Greene,Indiana,18055.0,1300,57.0
2020-12-05,Union,South Dakota,46127.0,1300,25.0
2020-12-05,Montgomery,Illinois,17135.0,1296,19.0
2020-12-05,Clay,Iowa,19041.0,1292,6.0
2020-12-05,Marengo,Alabama,1091.0,1292,24.0
2020-12-05,DeKalb,Tennessee,47041.0,1292,25.0
2020-12-05,Burke,Georgia,13033.0,1291,16.0
2020-12-05,Campbell,Virginia,51031.0,1290,12.0
2020-12-05,Union,Illinois,17181.0,1289,29.0
2020-12-05,Marion,Mississippi,28091.0,1287,50.0
2020-12-05,Stokes,North Carolina,37169.0,1287,20.0
2020-12-05,Cass,Nebraska,31025.0,1286,7.0
2020-12-05,Champaign,Ohio,39021.0,1285,8.0
2020-12-05,Stone,Missouri,29209.0,1284,19.0
2020-12-05,Fentress,Tennessee,47049.0,1284,24.0
2020-12-05,Attala,Mississippi,28007.0,1284,37.0
2020-12-05,Wayne,Mississippi,28153.0,1284,24.0
2020-12-05,Madison,Georgia,13195.0,1283,19.0
2020-12-05,Bibb,Alabama,1007.0,1283,38.0
2020-12-05,Hardin,Ohio,39065.0,1279,26.0
2020-12-05,Tompkins,New York,36109.0,1279,4.0
2020-12-05,Plaquemines,Louisiana,22075.0,1278,20.0
2020-12-05,Crawford,Missouri,29055.0,1277,14.0
2020-12-05,Waller,Texas,48473.0,1274,19.0
2020-12-05,Adair,Missouri,29001.0,1274,3.0
2020-12-05,Roosevelt,Montana,30085.0,1273,42.0
2020-12-05,Hickman,Tennessee,47081.0,1272,19.0
2020-12-05,Elbert,Georgia,13105.0,1270,28.0
2020-12-05,Montgomery,Kansas,20125.0,1269,6.0
2020-12-05,Genesee,New York,36037.0,1269,13.0
2020-12-05,Richland,North Dakota,38077.0,1267,11.0
2020-12-05,Wilson,Texas,48493.0,1267,29.0
2020-12-05,Dawson,Texas,48115.0,1264,37.0
2020-12-05,Rusk,Texas,48401.0,1261,36.0
2020-12-05,Buchanan,Iowa,19019.0,1258,10.0
2020-12-05,Hill,Texas,48217.0,1258,22.0
2020-12-05,Chicot,Arkansas,5017.0,1256,28.0
2020-12-05,Dawson,Georgia,13085.0,1256,11.0
2020-12-05,Hardin,Iowa,19083.0,1254,12.0
2020-12-05,Union,Florida,12125.0,1254,61.0
2020-12-05,Vernon,Wisconsin,55123.0,1253,12.0
2020-12-05,Greene,North Carolina,37079.0,1251,28.0
2020-12-05,Guernsey,Ohio,39059.0,1251,15.0
2020-12-05,Lawrence,Arkansas,5075.0,1250,32.0
2020-12-05,Pierce,Georgia,13229.0,1249,30.0
2020-12-05,Perry,Illinois,17145.0,1249,33.0
2020-12-05,Lee,Arkansas,5077.0,1247,18.0
2020-12-05,Holmes,Florida,12059.0,1247,16.0
2020-12-05,Fayette,West Virginia,54019.0,1241,38.0
2020-12-05,James City,Virginia,51095.0,1241,22.0
2020-12-05,Cooper,Missouri,29053.0,1240,9.0
2020-12-05,Cherokee,Kansas,20021.0,1240,10.0
2020-12-05,Pickens,Georgia,13227.0,1235,18.0
2020-12-05,Edgefield,South Carolina,45037.0,1233,24.0
2020-12-05,Kleberg,Texas,48273.0,1233,55.0
2020-12-05,Bledsoe,Tennessee,47007.0,1232,5.0
2020-12-05,Lawrence,Illinois,17101.0,1232,14.0
2020-12-05,Ramsey,North Dakota,38071.0,1230,10.0
2020-12-05,Tioga,New York,36107.0,1228,51.0
2020-12-05,Marion,Tennessee,47115.0,1227,19.0
2020-12-05,Butler,Alabama,1013.0,1225,42.0
2020-12-05,Hubbard,Minnesota,27057.0,1225,29.0
2020-12-05,Radford city,Virginia,51750.0,1225,6.0
2020-12-05,Crawford,Illinois,17033.0,1223,16.0
2020-12-05,Jay,Indiana,18075.0,1222,20.0
2020-12-05,Canovanas,Puerto Rico,72029.0,1221,
2020-12-05,Barbour,Alabama,1005.0,1219,29.0
2020-12-05,Frio,Texas,48163.0,1218,10.0
2020-12-05,San Sebastian,Puerto Rico,72131.0,1217,
2020-12-05,Kossuth,Iowa,19109.0,1213,9.0
2020-12-05,Saline,Illinois,17165.0,1211,29.0
2020-12-05,Hamilton,Iowa,19079.0,1210,15.0
2020-12-05,Henry,Ohio,39069.0,1209,29.0
2020-12-05,Lake,Tennessee,47095.0,1209,7.0
2020-12-05,Uvalde,Texas,48463.0,1205,38.0
2020-12-05,Page,Iowa,19145.0,1202,5.0
2020-12-05,Crockett,Tennessee,47033.0,1200,29.0
2020-12-05,Adams,Wisconsin,55001.0,1200,10.0
2020-12-05,Corozal,Puerto Rico,72047.0,1200,
2020-12-05,Scott,Tennessee,47151.0,1198,8.0
2020-12-05,Clarion,Pennsylvania,42031.0,1198,11.0
2020-12-05,Boyle,Kentucky,21021.0,1197,0.0
2020-12-05,Jackson,Louisiana,22049.0,1195,33.0
2020-12-05,Marquette,Wisconsin,55077.0,1192,15.0
2020-12-05,Queen Anne's,Maryland,24035.0,1192,27.0
2020-12-05,Glacier,Montana,30035.0,1191,21.0
2020-12-05,Palo Pinto,Texas,48363.0,1190,35.0
2020-12-05,Tuolumne,California,6109.0,1190,12.0
2020-12-05,Warren,Illinois,17187.0,1190,23.0
2020-12-05,Clayton,Iowa,19043.0,1189,10.0
2020-12-05,Columbia,Arkansas,5027.0,1188,27.0
2020-12-05,Cooke,Texas,48097.0,1188,15.0
2020-12-05,Washington,Georgia,13303.0,1187,35.0
2020-12-05,Marion,Kentucky,21155.0,1187,14.0
2020-12-05,Uinta,Wyoming,56041.0,1187,5.0
2020-12-05,Tishomingo,Mississippi,28141.0,1185,45.0
2020-12-05,Tioga,Pennsylvania,42117.0,1185,30.0
2020-12-05,Kittitas,Washington,53037.0,1184,23.0
2020-12-05,Bond,Illinois,17005.0,1184,12.0
2020-12-05,Lafayette,Wisconsin,55065.0,1184,4.0
2020-12-05,Tattnall,Georgia,13267.0,1182,30.0
2020-12-05,Allegany,New York,36003.0,1182,58.0
2020-12-05,Snyder,Pennsylvania,42109.0,1182,24.0
2020-12-05,Henry,Missouri,29083.0,1181,12.0
2020-12-05,Sullivan,Indiana,18153.0,1181,18.0
2020-12-05,Franklin,Kansas,20059.0,1178,17.0
2020-12-05,Morrow,Ohio,39117.0,1177,2.0
2020-12-05,Cortland,New York,36023.0,1176,4.0
2020-12-05,Ohio,Kentucky,21183.0,1176,18.0
2020-12-05,Cedar,Iowa,19031.0,1175,14.0
2020-12-05,Venango,Pennsylvania,42121.0,1174,11.0
2020-12-05,Van Wert,Ohio,39161.0,1174,18.0
2020-12-05,Wabasha,Minnesota,27157.0,1167,1.0
2020-12-05,Jo Daviess,Illinois,17085.0,1166,20.0
2020-12-05,Butts,Georgia,13035.0,1165,46.0
2020-12-05,Newton,Mississippi,28101.0,1163,29.0
2020-12-05,Bonner,Idaho,16017.0,1162,9.0
2020-12-05,Morgan,Missouri,29141.0,1158,13.0
2020-12-05,Harrison,Iowa,19085.0,1157,32.0
2020-12-05,Tazewell,Virginia,51185.0,1157,8.0
2020-12-05,Lake,Montana,30047.0,1155,14.0
2020-12-05,Nemaha,Kansas,20131.0,1154,24.0
2020-12-05,Douglas,Nevada,32005.0,1152,6.0
2020-12-05,Grays Harbor,Washington,53027.0,1152,20.0
2020-12-05,Peach,Georgia,13225.0,1152,28.0
2020-12-05,Clay,Kentucky,21051.0,1152,8.0
2020-12-05,Petersburg city,Virginia,51730.0,1151,31.0
2020-12-05,Somerset,Maryland,24039.0,1151,9.0
2020-12-05,Ste. Genevieve,Missouri,29186.0,1151,2.0
2020-12-05,Pasquotank,North Carolina,37139.0,1150,35.0
2020-12-05,Chickasaw,Mississippi,28017.0,1149,33.0
2020-12-05,Floyd,Iowa,19067.0,1149,24.0
2020-12-05,Pemiscot,Missouri,29155.0,1148,19.0
2020-12-05,Winchester city,Virginia,51840.0,1147,4.0
2020-12-05,Wayne,West Virginia,54099.0,1147,16.0
2020-12-05,Miami,Kansas,20121.0,1143,5.0
2020-12-05,Perry,Kentucky,21193.0,1142,11.0
2020-12-05,Carroll,Illinois,17015.0,1141,27.0
2020-12-05,Jennings,Indiana,18079.0,1141,20.0
2020-12-05,Union,South Carolina,45087.0,1139,29.0
2020-12-05,Union,Georgia,13291.0,1139,38.0
2020-12-05,San Juan,Utah,49037.0,1138,31.0
2020-12-05,Perry,Ohio,39127.0,1138,14.0
2020-12-05,Andrews,Texas,48003.0,1135,14.0
2020-12-05,Smyth,Virginia,51173.0,1134,35.0
2020-12-05,Geary,Kansas,20061.0,1134,5.0
2020-12-05,Lamb,Texas,48279.0,1134,51.0
2020-12-05,Gurabo,Puerto Rico,72063.0,1131,
2020-12-05,Logan,West Virginia,54045.0,1128,53.0
2020-12-05,Madison,New York,36053.0,1127,12.0
2020-12-05,Klamath,Oregon,41035.0,1127,8.0
2020-12-05,Mills,Iowa,19129.0,1126,10.0
2020-12-05,Monroe,Georgia,13207.0,1126,62.0
2020-12-05,Fayette,Iowa,19065.0,1125,12.0
2020-12-05,Fayette,Ohio,39047.0,1122,20.0
2020-12-05,Norton,Kansas,20137.0,1122,24.0
2020-12-05,Emmet,Michigan,26047.0,1122,28.0
2020-12-05,Madison,Louisiana,22065.0,1118,15.0
2020-12-05,Dodge,Georgia,13091.0,1116,54.0
2020-12-05,Starke,Indiana,18149.0,1115,30.0
2020-12-05,Grainger,Tennessee,47057.0,1115,19.0
2020-12-05,Rio Grande,Puerto Rico,72119.0,1110,
2020-12-05,Winneshiek,Iowa,19191.0,1109,14.0
2020-12-05,Cass,Illinois,17017.0,1109,23.0
2020-12-05,Ben Hill,Georgia,13017.0,1108,40.0
2020-12-05,Barnes,North Dakota,38003.0,1105,18.0
2020-12-05,Calhoun,Iowa,19025.0,1104,7.0
2020-12-05,York,Nebraska,31185.0,1097,5.0
2020-12-05,Fannin,Texas,48147.0,1097,42.0
2020-12-05,Butler,Iowa,19023.0,1096,12.0
2020-12-05,Roosevelt,New Mexico,35041.0,1096,16.0
2020-12-05,Jasper,South Carolina,45053.0,1096,23.0
2020-12-05,Redwood,Minnesota,27127.0,1095,20.0
2020-12-05,Naranjito,Puerto Rico,72105.0,1095,
2020-12-05,Gulf,Florida,12045.0,1095,21.0
2020-12-05,Dewey,South Dakota,46041.0,1093,6.0
2020-12-05,Pike,Illinois,17149.0,1092,32.0
2020-12-05,Harris,Georgia,13145.0,1092,28.0
2020-12-05,Gem,Idaho,16045.0,1091,6.0
2020-12-05,Cherokee,Alabama,1019.0,1090,24.0
2020-12-05,Marshall,Kentucky,21157.0,1090,15.0
2020-12-05,Mountrail,North Dakota,38061.0,1088,14.0
2020-12-05,Fannin,Georgia,13111.0,1088,37.0
2020-12-05,Columbia,New York,36021.0,1086,58.0
2020-12-05,Lyon,Iowa,19119.0,1086,10.0
2020-12-05,Kerr,Texas,48265.0,1085,24.0
2020-12-05,Randolph,Alabama,1111.0,1083,22.0
2020-12-05,St. Lawrence,New York,36089.0,1083,19.0
2020-12-05,Randolph,Arkansas,5121.0,1081,31.0
2020-12-05,Okfuskee,Oklahoma,40107.0,1079,14.0
2020-12-05,Person,North Carolina,37145.0,1078,13.0
2020-12-05,Fairfield,South Carolina,45039.0,1078,46.0
2020-12-05,Chester,Tennessee,47023.0,1077,23.0
2020-12-05,Isle of Wight,Virginia,51093.0,1074,27.0
2020-12-05,Clark,Kentucky,21049.0,1071,12.0
2020-12-05,Staunton city,Virginia,51790.0,1069,13.0
2020-12-05,Cayuga,New York,36011.0,1068,10.0
2020-12-05,Assumption,Louisiana,22007.0,1067,25.0
2020-12-05,Concordia,Louisiana,22029.0,1063,31.0
2020-12-05,Carroll,Virginia,51035.0,1063,30.0
2020-12-05,Coshocton,Ohio,39031.0,1062,15.0
2020-12-05,Adair,Kentucky,21001.0,1061,34.0
2020-12-05,Dorchester,Maryland,24019.0,1061,17.0
2020-12-05,Penobscot,Maine,23019.0,1057,14.0
2020-12-05,Grady,Georgia,13131.0,1057,31.0
2020-12-05,Manati,Puerto Rico,72091.0,1056,
2020-12-05,Lee,Georgia,13177.0,1052,33.0
2020-12-05,Fountain,Indiana,18045.0,1051,9.0
2020-12-05,Logan,Arkansas,5083.0,1051,6.0
2020-12-05,Douglas,Oregon,41019.0,1050,23.0
2020-12-05,Montgomery,Kentucky,21173.0,1049,11.0
2020-12-05,Poweshiek,Iowa,19157.0,1049,14.0
2020-12-05,Jefferson,Georgia,13163.0,1048,40.0
2020-12-05,Fayette,Alabama,1057.0,1045,16.0
2020-12-05,McLean,North Dakota,38055.0,1044,17.0
2020-12-05,Hancock,Illinois,17067.0,1044,16.0
2020-12-05,Sanilac,Michigan,26151.0,1042,24.0
2020-12-05,Gaines,Texas,48165.0,1040,18.0
2020-12-05,Caroline,Maryland,24011.0,1039,10.0
2020-12-05,Terry,Texas,48445.0,1039,29.0
2020-12-05,Jefferson,Pennsylvania,42065.0,1039,7.0
2020-12-05,Putnam,Georgia,13237.0,1038,31.0
2020-12-05,St. James,Louisiana,22093.0,1035,40.0
2020-12-05,Humacao,Puerto Rico,72069.0,1034,
2020-12-05,Gallia,Ohio,39053.0,1034,15.0
2020-12-05,Avery,North Carolina,37011.0,1034,9.0
2020-12-05,Mecklenburg,Virginia,51117.0,1033,37.0
2020-12-05,Renville,Minnesota,27129.0,1033,31.0
2020-12-05,Mingo,West Virginia,54059.0,1032,16.0
2020-12-05,Abbeville,South Carolina,45001.0,1032,22.0
2020-12-05,Winn,Louisiana,22127.0,1030,26.0
2020-12-05,Mitchell,Georgia,13205.0,1029,51.0
2020-12-05,Texas,Missouri,29215.0,1029,10.0
2020-12-05,Arkansas,Arkansas,5001.0,1029,23.0
2020-12-05,Craig,Oklahoma,40035.0,1028,3.0
2020-12-05,Izard,Arkansas,5065.0,1027,6.0
2020-12-05,Calhoun,Texas,48057.0,1025,10.0
2020-12-05,Karnes,Texas,48255.0,1024,19.0
2020-12-05,Hale,Alabama,1065.0,1024,32.0
2020-12-05,Iowa,Iowa,19095.0,1024,14.0
2020-12-05,Hertford,North Carolina,37091.0,1024,42.0
2020-12-05,Marion,West Virginia,54049.0,1024,8.0
2020-12-05,Chippewa,Minnesota,27023.0,1021,12.0
2020-12-05,Fulton,Indiana,18049.0,1021,20.0
2020-12-05,Gooding,Idaho,16047.0,1020,9.0
2020-12-05,Claiborne,Tennessee,47025.0,1020,10.0
2020-12-05,Hamilton,Florida,12047.0,1019,11.0
2020-12-05,Pike,Missouri,29163.0,1018,10.0
2020-12-05,Lake,California,6033.0,1018,21.0
2020-12-05,Clay,Arkansas,5021.0,1017,23.0
2020-12-05,Barnwell,South Carolina,45011.0,1017,26.0
2020-12-05,Glenn,California,6021.0,1017,11.0
2020-12-05,Tallahatchie,Mississippi,28135.0,1016,27.0
2020-12-05,Grayson,Kentucky,21085.0,1016,25.0
2020-12-05,Humboldt,California,6023.0,1014,9.0
2020-12-05,Todd,South Dakota,46121.0,1013,15.0
2020-12-05,Lee,Virginia,51105.0,1012,15.0
2020-12-05,Wayne,Illinois,17191.0,1010,35.0
2020-12-05,Spencer,Indiana,18147.0,1006,8.0
2020-12-05,Phillips,Arkansas,5107.0,1005,17.0
2020-12-05,Osage,Missouri,29151.0,1004,4.0
2020-12-05,Southampton,Virginia,51175.0,1004,40.0
2020-12-05,Young,Texas,48503.0,1002,23.0
2020-12-05,Jeff Davis,Georgia,13161.0,999,34.0
2020-12-05,Labette,Kansas,20099.0,999,6.0
2020-12-05,Moultrie,Illinois,17139.0,997,11.0
2020-12-05,Clay,Mississippi,28025.0,996,27.0
2020-12-05,Kingfisher,Oklahoma,40073.0,995,7.0
2020-12-05,Anson,North Carolina,37007.0,995,16.0
2020-12-05,Pike,Ohio,39131.0,995,3.0
2020-12-05,Cherokee,Iowa,19035.0,994,4.0
2020-12-05,Harlan,Kentucky,21095.0,993,15.0
2020-12-05,Sevier,Utah,49041.0,992,4.0
2020-12-05,Huron,Michigan,26063.0,991,16.0
2020-12-05,Buckingham,Virginia,51029.0,989,10.0
2020-12-05,Washington,Texas,48477.0,989,54.0
2020-12-05,Cottonwood,Minnesota,27033.0,987,4.0
2020-12-05,Cherokee,North Carolina,37039.0,987,15.0
2020-12-05,Clay,Illinois,17025.0,987,22.0
2020-12-05,Decatur,Tennessee,47039.0,985,13.0
2020-12-05,Dixie,Florida,12029.0,983,11.0
2020-12-05,Montour,Pennsylvania,42093.0,982,16.0
2020-12-05,McDuffie,Georgia,13189.0,980,22.0
2020-12-05,Clarke,Mississippi,28023.0,980,55.0
2020-12-05,Rusk,Wisconsin,55107.0,980,9.0
2020-12-05,Unicoi,Tennessee,47171.0,978,28.0
2020-12-05,Elmore,Idaho,16039.0,977,7.0
2020-12-05,Crisp,Georgia,13081.0,977,36.0
2020-12-05,Winnebago,Iowa,19189.0,976,25.0
2020-12-05,Macon,North Carolina,37113.0,975,9.0
2020-12-05,York,Virginia,51199.0,975,9.0
2020-12-05,Lee,Kentucky,21129.0,972,15.0
2020-12-05,La Paz,Arizona,4012.0,969,20.0
2020-12-05,Sawyer,Wisconsin,55113.0,968,8.0
2020-12-05,Clinton,Missouri,29049.0,968,47.0
2020-12-05,Dodge,Minnesota,27039.0,967,1.0
2020-12-05,Kennebec,Maine,23011.0,962,18.0
2020-12-05,Mason,Washington,53045.0,962,13.0
2020-12-05,Cook,Georgia,13075.0,962,20.0
2020-12-05,Luce,Michigan,26095.0,961,0.0
2020-12-05,San Lorenzo,Puerto Rico,72129.0,961,
2020-12-05,Hart,Kentucky,21099.0,960,5.0
2020-12-05,Mississippi,Missouri,29133.0,957,7.0
2020-12-05,Clay,Alabama,1027.0,956,27.0
2020-12-05,Wood,Texas,48499.0,953,54.0
2020-12-05,Madison,Missouri,29123.0,953,9.0
2020-12-05,Churchill,Nevada,32001.0,951,22.0
2020-12-05,LaSalle,Louisiana,22059.0,950,21.0
2020-12-05,Richland,Wisconsin,55103.0,949,13.0
2020-12-05,Bertie,North Carolina,37015.0,947,25.0
2020-12-05,Charles Mix,South Dakota,46023.0,946,6.0
2020-12-05,Hart,Georgia,13147.0,945,29.0
2020-12-05,Pike,Pennsylvania,42103.0,945,27.0
2020-12-05,Grant,Louisiana,22043.0,944,32.0
2020-12-05,Washington,Alabama,1129.0,944,22.0
2020-12-05,Greensville,Virginia,51081.0,944,16.0
2020-12-05,Drew,Arkansas,5043.0,944,8.0
2020-12-05,Cross,Arkansas,5037.0,943,27.0
2020-12-05,Otero,Colorado,8089.0,943,12.0
2020-12-05,Garrett,Maryland,24023.0,943,9.0
2020-12-05,Childress,Texas,48075.0,943,2.0
2020-12-05,Ashley,Arkansas,5003.0,942,16.0
2020-12-05,Edgar,Illinois,17045.0,941,17.0
2020-12-05,Hancock,Iowa,19081.0,941,8.0
2020-12-05,Washington,Indiana,18175.0,940,9.0
2020-12-05,Warren,Virginia,51187.0,939,27.0
2020-12-05,Adams,Ohio,39001.0,936,13.0
2020-12-05,Perry,Indiana,18123.0,934,23.0
2020-12-05,Atchison,Kansas,20005.0,933,9.0
2020-12-05,Jefferson,Oregon,41031.0,932,11.0
2020-12-05,Otsego,Michigan,26137.0,932,19.0
2020-12-05,Chickasaw,Iowa,19037.0,929,6.0
2020-12-05,Wyandot,Ohio,39175.0,929,20.0
2020-12-05,Seward,Nebraska,31159.0,926,9.0
2020-12-05,Hempstead,Arkansas,5057.0,925,8.0
2020-12-05,McKenzie,North Dakota,38053.0,925,7.0
2020-12-05,Watonwan,Minnesota,27165.0,925,4.0
2020-12-05,Gladwin,Michigan,26051.0,924,14.0
2020-12-05,Salem city,Virginia,51775.0,923,23.0
2020-12-05,Greene,Illinois,17061.0,923,34.0
2020-12-05,Allamakee,Iowa,19005.0,922,13.0
2020-12-05,Sac,Iowa,19161.0,922,9.0
2020-12-05,Henry,Alabama,1067.0,921,7.0
2020-12-05,Polk,Arkansas,5113.0,921,13.0
2020-12-05,Clark,Arkansas,5019.0,921,12.0
2020-12-05,Ouachita,Arkansas,5103.0,920,14.0
2020-12-05,Mercer,North Dakota,38057.0,920,7.0
2020-12-05,Calhoun,Florida,12013.0,920,22.0
2020-12-05,Jasper,Mississippi,28061.0,915,23.0
2020-12-05,Atoka,Oklahoma,40005.0,915,1.0
2020-12-05,Burnett,Wisconsin,55013.0,915,15.0
2020-12-05,Russell,Virginia,51167.0,914,9.0
2020-12-05,Sumner,Kansas,20191.0,914,6.0
2020-12-05,Louisa,Iowa,19115.0,914,22.0
2020-12-05,Hopkins,Texas,48223.0,913,56.0
2020-12-05,Hancock,West Virginia,54029.0,910,6.0
2020-12-05,Rowan,Kentucky,21205.0,910,2.0
2020-12-05,Taos,New Mexico,35055.0,909,28.0
2020-12-05,Richland,Illinois,17159.0,908,19.0
2020-12-05,Woodford,Kentucky,21239.0,905,1.0
2020-12-05,Maui,Hawaii,15009.0,904,17.0
2020-12-05,Rosebud,Montana,30087.0,904,25.0
2020-12-05,Lee,South Carolina,45061.0,902,40.0
2020-12-05,Aguadilla,Puerto Rico,72005.0,902,
2020-12-05,Grundy,Iowa,19075.0,902,14.0
2020-12-05,McIntosh,Oklahoma,40091.0,900,13.0
2020-12-05,Wadena,Minnesota,27159.0,900,7.0
2020-12-05,Martin,North Carolina,37117.0,899,21.0
2020-12-05,St. Thomas,Virgin Islands,78030.0,898,15.0
2020-12-05,Lake,South Dakota,46079.0,898,12.0
2020-12-05,Prince Edward,Virginia,51147.0,897,16.0
2020-12-05,Benton,Oregon,41003.0,896,7.0
2020-12-05,Belknap,New Hampshire,33001.0,892,26.0
2020-12-05,Clinton,Pennsylvania,42035.0,890,13.0
2020-12-05,Benton,Tennessee,47005.0,890,16.0
2020-12-05,Juneau City and Borough,Alaska,2110.0,889,3.0
2020-12-05,Juncos,Puerto Rico,72077.0,889,
2020-12-05,Uintah,Utah,49047.0,888,3.0
2020-12-05,Union,Iowa,19175.0,885,8.0
2020-12-05,Amherst,Virginia,51009.0,884,7.0
2020-12-05,Hampton,South Carolina,45049.0,883,35.0
2020-12-05,Benton,Missouri,29015.0,883,11.0
2020-12-05,Andrew,Missouri,29003.0,882,11.0
2020-12-05,Greene,Pennsylvania,42059.0,882,5.0
2020-12-05,Pike,Georgia,13231.0,879,17.0
2020-12-05,Caswell,North Carolina,37033.0,878,8.0
2020-12-05,Madison,Texas,48313.0,878,15.0
2020-12-05,Morovis,Puerto Rico,72101.0,878,
2020-12-05,Clare,Michigan,26035.0,876,26.0
2020-12-05,Buffalo,Wisconsin,55011.0,875,5.0
2020-12-05,Carbon,Utah,49007.0,874,4.0
2020-12-05,Talbot,Maryland,24041.0,872,7.0
2020-12-05,Russell,Kentucky,21207.0,871,21.0
2020-12-05,Lincoln,Kentucky,21137.0,871,20.0
2020-12-05,Morgan,Georgia,13211.0,870,8.0
2020-12-05,Franklin,Arkansas,5047.0,870,15.0
2020-12-05,Fajardo,Puerto Rico,72053.0,870,
2020-12-05,Cass,Iowa,19029.0,868,26.0
2020-12-05,Gogebic,Michigan,26053.0,866,24.0
2020-12-05,Grant,Kentucky,21081.0,866,6.0
2020-12-05,Iosco,Michigan,26069.0,865,30.0
2020-12-05,Johnson,Kentucky,21115.0,864,7.0
2020-12-05,Sibley,Minnesota,27143.0,863,4.0
2020-12-05,Bollinger,Missouri,29017.0,863,10.0
2020-12-05,Barranquitas,Puerto Rico,72019.0,863,
2020-12-05,Rock,Minnesota,27133.0,862,10.0
2020-12-05,Banks,Georgia,13011.0,862,13.0
2020-12-05,Northampton,North Carolina,37131.0,862,25.0
2020-12-05,Nolan,Texas,48353.0,861,12.0
2020-12-05,Stone,Mississippi,28131.0,859,15.0
2020-12-05,Howard,Arkansas,5061.0,859,15.0
2020-12-05,Clark,Illinois,17023.0,858,21.0
2020-12-05,Mitchell,Iowa,19131.0,857,10.0
2020-12-05,Franklin,Indiana,18047.0,857,29.0
2020-12-05,Pecos,Texas,48371.0,856,19.0
2020-12-05,Lincoln,New Mexico,35027.0,856,8.0
2020-12-05,Las Piedras,Puerto Rico,72085.0,856,
2020-12-05,Monroe,Alabama,1099.0,855,11.0
2020-12-05,Livingston,New York,36051.0,855,13.0
2020-12-05,Halifax,Virginia,51083.0,854,19.0
2020-12-05,Bienville,Louisiana,22013.0,853,37.0
2020-12-05,Hocking,Ohio,39073.0,852,18.0
2020-12-05,Carter,Kentucky,21043.0,852,5.0
2020-12-05,Ford,Illinois,17053.0,852,25.0
2020-12-05,Carroll,Indiana,18015.0,851,13.0
2020-12-05,Jackson,Texas,48239.0,850,16.0
2020-12-05,East Carroll,Louisiana,22035.0,849,11.0
2020-12-05,Marshall,Oklahoma,40095.0,849,4.0
2020-12-05,Scott,Virginia,51169.0,848,17.0
2020-12-05,Limestone,Texas,48293.0,848,20.0
2020-12-05,Herkimer,New York,36043.0,847,12.0
2020-12-05,Piatt,Illinois,17147.0,846,5.0
2020-12-05,Union,Oregon,41061.0,844,8.0
2020-12-05,Calhoun,Mississippi,28013.0,843,14.0
2020-12-05,Turner,South Dakota,46125.0,842,46.0
2020-12-05,Cannon,Tennessee,47015.0,842,4.0
2020-12-05,Price,Wisconsin,55099.0,841,4.0
2020-12-05,Wyoming,West Virginia,54109.0,840,11.0
2020-12-05,Botetourt,Virginia,51023.0,839,13.0
2020-12-05,Appanoose,Iowa,19007.0,839,14.0
2020-12-05,Jones,Georgia,13169.0,839,21.0
2020-12-05,Falls,Texas,48145.0,836,15.0
2020-12-05,Franklin,Florida,12037.0,835,4.0
2020-12-05,Houston,Minnesota,27055.0,833,4.0
2020-12-05,Lowndes,Alabama,1085.0,833,30.0
2020-12-05,Montezuma,Colorado,8083.0,833,8.0
2020-12-05,Lewis,Tennessee,47101.0,832,16.0
2020-12-05,Paulding,Ohio,39125.0,832,15.0
2020-12-05,Charlton,Georgia,13049.0,832,19.0
2020-12-05,Ashe,North Carolina,37009.0,831,3.0
2020-12-05,Brantley,Georgia,13025.0,831,19.0
2020-12-05,Washington,Illinois,17189.0,831,3.0
2020-12-05,Humboldt,Iowa,19091.0,829,6.0
2020-12-05,Morgan,Tennessee,47129.0,829,7.0
2020-12-05,Aitkin,Minnesota,27001.0,829,30.0
2020-12-05,Idaho,Idaho,16049.0,828,12.0
2020-12-05,Meriwether,Georgia,13199.0,827,19.0
2020-12-05,Alpena,Michigan,26007.0,827,17.0
2020-12-05,Wright,Missouri,29229.0,825,15.0
2020-12-05,Saluda,South Carolina,45081.0,825,26.0
2020-12-05,Grundy,Tennessee,47061.0,824,14.0
2020-12-05,Benson,North Dakota,38005.0,823,15.0
2020-12-05,Brown,Kansas,20013.0,822,11.0
2020-12-05,Lincoln,Montana,30053.0,822,9.0
2020-12-05,Mercer,Illinois,17131.0,821,13.0
2020-12-05,Grant,Kansas,20067.0,821,12.0
2020-12-05,Orange,Indiana,18117.0,820,30.0
2020-12-05,West Feliciana,Louisiana,22125.0,820,25.0
2020-12-05,Moca,Puerto Rico,72099.0,819,
2020-12-05,Catano,Puerto Rico,72033.0,819,
2020-12-05,Cleburne,Alabama,1029.0,819,14.0
2020-12-05,Shelby,Iowa,19165.0,819,14.0
2020-12-05,Goshen,Wyoming,56015.0,816,9.0
2020-12-05,Montgomery,Mississippi,28097.0,816,26.0
2020-12-05,Vermillion,Indiana,18165.0,816,14.0
2020-12-05,Zavala,Texas,48507.0,816,24.0
2020-12-05,Washburn,Wisconsin,55129.0,814,6.0
2020-12-05,Gilchrist,Florida,12041.0,814,20.0
2020-12-05,Otoe,Nebraska,31131.0,813,1.0
2020-12-05,Walthall,Mississippi,28147.0,812,30.0
2020-12-05,Cayey,Puerto Rico,72035.0,811,
2020-12-05,Livingston,Missouri,29117.0,811,16.0
2020-12-05,Cleburne,Arkansas,5023.0,810,25.0
2020-12-05,Montague,Texas,48337.0,809,23.0
2020-12-05,Juniata,Pennsylvania,42067.0,808,17.0
2020-12-05,Washington,Idaho,16087.0,807,12.0
2020-12-05,Guthrie,Iowa,19077.0,807,15.0
2020-12-05,Delta,Colorado,8029.0,806,11.0
2020-12-05,Forest,Wisconsin,55041.0,804,21.0
2020-12-05,Perry,Pennsylvania,42099.0,804,14.0
2020-12-05,Dickinson,Kansas,20041.0,804,11.0
2020-12-05,Simpson,Kentucky,21213.0,803,9.0
2020-12-05,Ashland,Wisconsin,55003.0,802,10.0
2020-12-05,Jefferson,Florida,12065.0,802,12.0
2020-12-05,Jefferson,Kansas,20087.0,800,8.0
2020-12-05,Wilbarger,Texas,48487.0,800,16.0
2020-12-05,Mercer,Kentucky,21167.0,799,6.0
2020-12-05,Emmet,Iowa,19063.0,799,26.0
2020-12-05,Fillmore,Minnesota,27045.0,798,0.0
2020-12-05,Johnson,Illinois,17087.0,797,9.0
2020-12-05,Carroll,Mississippi,28015.0,795,15.0
2020-12-05,Meade,Kentucky,21163.0,794,4.0
2020-12-05,Allen,Kentucky,21003.0,794,16.0
2020-12-05,Wayne,Kentucky,21231.0,794,5.0
2020-12-05,Pulaski,Virginia,51155.0,794,16.0
2020-12-05,Worth,Georgia,13321.0,794,38.0
2020-12-05,Preston,West Virginia,54077.0,793,14.0
2020-12-05,Custer,Montana,30017.0,792,7.0
2020-12-05,Colusa,California,6011.0,790,6.0
2020-12-05,Berrien,Georgia,13019.0,790,29.0
2020-12-05,Mason,Illinois,17125.0,790,26.0
2020-12-05,Sharp,Arkansas,5135.0,789,20.0
2020-12-05,Cass,Texas,48067.0,787,36.0
2020-12-05,Humphreys,Tennessee,47085.0,786,9.0
2020-12-05,Siskiyou,California,6093.0,786,5.0
2020-12-05,Greene,Georgia,13133.0,785,28.0
2020-12-05,Greene,New York,36039.0,785,18.0
2020-12-05,Pipestone,Minnesota,27117.0,781,18.0
2020-12-05,Union,Tennessee,47173.0,780,5.0
2020-12-05,Jefferson,Iowa,19101.0,780,6.0
2020-12-05,Owen,Indiana,18119.0,780,13.0
2020-12-05,Ellsworth,Kansas,20053.0,780,4.0
2020-12-05,Randolph,West Virginia,54083.0,779,2.0
2020-12-05,Neosho,Kansas,20133.0,779,1.0
2020-12-05,Parke,Indiana,18121.0,779,6.0
2020-12-05,Macon,Alabama,1087.0,778,22.0
2020-12-05,Roberts,South Dakota,46109.0,777,21.0
2020-12-05,Brooke,West Virginia,54009.0,777,12.0
2020-12-05,Franklin,Iowa,19069.0,775,21.0
2020-12-05,Ray,Missouri,29177.0,775,6.0
2020-12-05,Bacon,Georgia,13005.0,775,24.0
2020-12-05,Smith,Mississippi,28129.0,774,16.0
2020-12-05,Conway,Arkansas,5029.0,774,8.0
2020-12-05,Lawrence,Mississippi,28077.0,774,14.0
2020-12-05,Claiborne,Louisiana,22027.0,773,32.0
2020-12-05,Traill,North Dakota,38097.0,773,11.0
2020-12-05,Gillespie,Texas,48171.0,773,11.0
2020-12-05,Bamberg,South Carolina,45009.0,773,37.0
2020-12-05,Lamar,Georgia,13171.0,772,27.0
2020-12-05,Parmer,Texas,48369.0,770,26.0
2020-12-05,Wayne,Nebraska,31179.0,769,5.0
2020-12-05,Wythe,Virginia,51197.0,768,9.0
2020-12-05,Madison,Iowa,19121.0,767,5.0
2020-12-05,Stevens,Washington,53065.0,766,10.0
2020-12-05,Jackson,West Virginia,54035.0,766,27.0
2020-12-05,Pennington,Minnesota,27113.0,765,9.0
2020-12-05,Amador,California,6005.0,765,16.0
2020-12-05,Yalobusha,Mississippi,28161.0,764,29.0
2020-12-05,Union,Kentucky,21225.0,764,9.0
2020-12-05,Fremont,Idaho,16043.0,763,10.0
2020-12-05,Franklin,Idaho,16041.0,763,7.0
2020-12-05,Jackson,Kansas,20085.0,762,9.0
2020-12-05,Deer Lodge,Montana,30023.0,762,10.0
2020-12-05,Washington,Vermont,50023.0,761,2.0
2020-12-05,Carbon,Wyoming,56007.0,760,9.0
2020-12-05,Brooks,Georgia,13027.0,760,30.0
2020-12-05,Monroe,Kentucky,21171.0,760,18.0
2020-12-05,Butte,South Dakota,46019.0,759,14.0
2020-12-05,Martinsville city,Virginia,51690.0,757,25.0
2020-12-05,Jefferson,New York,36045.0,757,4.0
2020-12-05,Charlevoix,Michigan,26029.0,756,7.0
2020-12-05,Noxubee,Mississippi,28103.0,754,17.0
2020-12-05,Yauco,Puerto Rico,72153.0,754,
2020-12-05,Choctaw,Oklahoma,40023.0,754,4.0
2020-12-05,Bayfield,Wisconsin,55007.0,753,16.0
2020-12-05,Iron,Michigan,26071.0,752,36.0
2020-12-05,Manassas Park city,Virginia,51685.0,751,8.0
2020-12-05,Thomas,Kansas,20193.0,751,6.0
2020-12-05,Wexford,Michigan,26165.0,748,18.0
2020-12-05,Vernon,Missouri,29217.0,748,10.0
2020-12-05,Rush,Indiana,18139.0,748,8.0
2020-12-05,Owyhee,Idaho,16073.0,746,13.0
2020-12-05,Salinas,Puerto Rico,72123.0,746,
2020-12-05,Lamar,Alabama,1075.0,744,8.0
2020-12-05,Pawnee,Kansas,20145.0,742,1.0
2020-12-05,Fredericksburg city,Virginia,51630.0,741,6.0
2020-12-05,Madison,Arkansas,5087.0,741,8.0
2020-12-05,Crenshaw,Alabama,1041.0,741,31.0
2020-12-05,Reeves,Texas,48389.0,740,16.0
2020-12-05,Jackson,Tennessee,47087.0,740,11.0
2020-12-05,Franklin,Massachusetts,25011.0,739,76.0
2020-12-05,Routt,Colorado,8107.0,738,16.0
2020-12-05,Murray,Oklahoma,40099.0,737,6.0
2020-12-05,Roscommon,Michigan,26143.0,736,19.0
2020-12-05,Warren,North Carolina,37185.0,736,8.0
2020-12-05,Bleckley,Georgia,13023.0,735,33.0
2020-12-05,Conecuh,Alabama,1035.0,735,15.0
2020-12-05,Kanabec,Minnesota,27065.0,731,14.0
2020-12-05,Chaffee,Colorado,8015.0,730,21.0
2020-12-05,Prowers,Colorado,8099.0,730,15.0
2020-12-05,Yellow Medicine,Minnesota,27173.0,729,12.0
2020-12-05,Asotin,Washington,53003.0,726,13.0
2020-12-05,Pottawatomie,Kansas,20149.0,725,3.0
2020-12-05,Powell,Montana,30077.0,724,3.0
2020-12-05,Jasper,Illinois,17079.0,724,12.0
2020-12-05,Macon,Missouri,29121.0,724,3.0
2020-12-05,Hutchinson,Texas,48233.0,724,29.0
2020-12-05,Camuy,Puerto Rico,72027.0,721,
2020-12-05,Polk,Tennessee,47139.0,720,15.0
2020-12-05,Noble,Ohio,39121.0,719,29.0
2020-12-05,West Carroll,Louisiana,22123.0,718,21.0
2020-12-05,Red Willow,Nebraska,31145.0,716,6.0
2020-12-05,Otsego,New York,36077.0,716,5.0
2020-12-05,Richland,Montana,30083.0,716,9.0
2020-12-05,Waynesboro city,Virginia,51820.0,715,7.0
2020-12-05,Brewster,Texas,48043.0,714,6.0
2020-12-05,Dawson,Montana,30021.0,714,14.0
2020-12-05,Bullock,Alabama,1011.0,713,20.0
2020-12-05,Cumberland,Illinois,17035.0,713,21.0
2020-12-05,Teller,Colorado,8119.0,713,4.0
2020-12-05,Chenango,New York,36017.0,710,10.0
2020-12-05,Tipton,Indiana,18159.0,710,30.0
2020-12-05,Boone,West Virginia,54005.0,709,15.0
2020-12-05,Early,Georgia,13099.0,707,38.0
2020-12-05,Perry,Alabama,1105.0,706,7.0
2020-12-05,Dare,North Carolina,37055.0,705,4.0
2020-12-05,Perry,Mississippi,28111.0,704,27.0
2020-12-05,Colorado,Texas,48089.0,704,7.0
2020-12-05,Park,Montana,30067.0,703,3.0
2020-12-05,Island,Washington,53029.0,703,21.0
2020-12-05,Caroline,Virginia,51033.0,701,7.0
2020-12-05,Morrow,Oregon,41049.0,700,7.0
2020-12-05,Spencer,Kentucky,21215.0,699,2.0
2020-12-05,Dinwiddie,Virginia,51053.0,699,14.0
2020-12-05,Grant,South Dakota,46051.0,699,15.0
2020-12-05,Casey,Kentucky,21045.0,697,21.0
2020-12-05,Blackford,Indiana,18009.0,696,18.0
2020-12-05,Burleson,Texas,48051.0,695,11.0
2020-12-05,Elbert,Colorado,8039.0,695,5.0
2020-12-05,Aguada,Puerto Rico,72003.0,695,
2020-12-05,Fergus,Montana,30027.0,694,5.0
2020-12-05,Orleans,New York,36073.0,693,58.0
2020-12-05,Palo Alto,Iowa,19147.0,692,5.0
2020-12-05,White,Illinois,17193.0,692,12.0
2020-12-05,Glades,Florida,12043.0,691,10.0
2020-12-05,Garrard,Kentucky,21079.0,691,4.0
2020-12-05,Wabash,Illinois,17185.0,691,9.0
2020-12-05,Jackson,Kentucky,21109.0,690,17.0
2020-12-05,Milam,Texas,48331.0,690,9.0
2020-12-05,Lincoln,Wyoming,56023.0,689,6.0
2020-12-05,Lincoln,Oregon,41041.0,688,16.0
2020-12-05,Massac,Illinois,17127.0,686,8.0
2020-12-05,Socorro,New Mexico,35053.0,684,28.0
2020-12-05,Alamosa,Colorado,8003.0,682,14.0
2020-12-05,Caldwell,Louisiana,22021.0,682,11.0
2020-12-05,Cloud,Kansas,20029.0,680,2.0
2020-12-05,Mason,Michigan,26105.0,677,12.0
2020-12-05,De Witt,Illinois,17039.0,676,18.0
2020-12-05,Keokuk,Iowa,19107.0,676,9.0
2020-12-05,Swift,Minnesota,27151.0,676,11.0
2020-12-05,Susquehanna,Pennsylvania,42115.0,676,36.0
2020-12-05,Sussex,Virginia,51183.0,675,13.0
2020-12-05,McCreary,Kentucky,21147.0,675,1.0
2020-12-05,McDowell,West Virginia,54047.0,674,2.0
2020-12-05,Grant,Arkansas,5053.0,671,6.0
2020-12-05,Juana Diaz,Puerto Rico,72075.0,671,
2020-12-05,Little River,Arkansas,5081.0,670,37.0
2020-12-05,Chowan,North Carolina,37041.0,669,18.0
2020-12-05,Converse,Wyoming,56009.0,669,7.0
2020-12-05,Caldwell,Kentucky,21033.0,668,8.0
2020-12-05,Wayne,Pennsylvania,42127.0,668,12.0
2020-12-05,Wyoming,New York,36121.0,668,9.0
2020-12-05,Austin,Texas,48015.0,668,12.0
2020-12-05,Marshall,Kansas,20117.0,667,13.0
2020-12-05,Telfair,Georgia,13271.0,667,30.0
2020-12-05,Box Butte,Nebraska,31013.0,667,8.0
2020-12-05,Ochiltree,Texas,48357.0,666,7.0
2020-12-05,Greene,Mississippi,28041.0,666,23.0
2020-12-05,Cheshire,New Hampshire,33005.0,664,4.0
2020-12-05,Woods,Oklahoma,40151.0,663,2.0
2020-12-05,Elliott,Kentucky,21063.0,663,1.0
2020-12-05,Haskell,Oklahoma,40061.0,663,7.0
2020-12-05,Wilcox,Alabama,1131.0,662,18.0
2020-12-05,Isabela,Puerto Rico,72071.0,661,
2020-12-05,Catahoula,Louisiana,22025.0,660,18.0
2020-12-05,Carroll,Ohio,39019.0,660,12.0
2020-12-05,Newton,Indiana,18111.0,659,18.0
2020-12-05,Washington,Kentucky,21229.0,658,4.0
2020-12-05,Ogemaw,Michigan,26129.0,657,17.0
2020-12-05,Pembina,North Dakota,38067.0,657,8.0
2020-12-05,Love,Oklahoma,40085.0,657,1.0
2020-12-05,Cabo Rojo,Puerto Rico,72023.0,657,
2020-12-05,Barton,Missouri,29011.0,657,5.0
2020-12-05,Rabun,Georgia,13241.0,656,12.0
2020-12-05,Hatillo,Puerto Rico,72065.0,655,
2020-12-05,Pawnee,Oklahoma,40117.0,653,9.0
2020-12-05,Butler,Nebraska,31023.0,652,7.0
2020-12-05,Duval,Texas,48131.0,652,24.0
2020-12-05,Desha,Arkansas,5041.0,651,8.0
2020-12-05,Hopewell city,Virginia,51670.0,651,9.0
2020-12-05,Elk,Pennsylvania,42047.0,651,8.0
2020-12-05,Josephine,Oregon,41033.0,650,6.0
2020-12-05,Warren,New York,36113.0,646,30.0
2020-12-05,Cidra,Puerto Rico,72041.0,645,
2020-12-05,Faribault,Minnesota,27043.0,644,3.0
2020-12-05,Larue,Kentucky,21123.0,643,2.0
2020-12-05,Tunica,Mississippi,28143.0,641,19.0
2020-12-05,Bourbon,Kansas,20011.0,641,3.0
2020-12-05,Upshur,Texas,48459.0,640,22.0
2020-12-05,Stewart,Tennessee,47161.0,639,18.0
2020-12-05,Green,Kentucky,21087.0,639,10.0
2020-12-05,Orange,Virginia,51137.0,639,7.0
2020-12-05,Grafton,New Hampshire,33009.0,637,2.0
2020-12-05,Stewart,Georgia,13259.0,635,17.0
2020-12-05,Cuming,Nebraska,31039.0,633,5.0
2020-12-05,Murray,Minnesota,27101.0,633,5.0
2020-12-05,Toole,Montana,30101.0,630,8.0
2020-12-05,DeKalb,Missouri,29063.0,630,15.0
2020-12-05,Butler,Kentucky,21031.0,629,16.0
2020-12-05,Amite,Mississippi,28005.0,629,15.0
2020-12-05,Candler,Georgia,13043.0,627,35.0
2020-12-05,Yoakum,Texas,48501.0,627,11.0
2020-12-05,Hughes,Oklahoma,40063.0,626,8.0
2020-12-05,Greenbrier,West Virginia,54025.0,625,8.0
2020-12-05,Lares,Puerto Rico,72081.0,625,
2020-12-05,Pike,Indiana,18125.0,624,21.0
2020-12-05,Fayette,Texas,48149.0,624,29.0
2020-12-05,Yancey,North Carolina,37199.0,624,2.0
2020-12-05,Bourbon,Kentucky,21017.0,624,1.0
2020-12-05,Liberty,Florida,12077.0,623,14.0
2020-12-05,Osceola,Michigan,26133.0,623,11.0
2020-12-05,Atkinson,Georgia,13003.0,623,9.0
2020-12-05,Page,Virginia,51139.0,621,33.0
2020-12-05,Dallas,Missouri,29059.0,620,10.0
2020-12-05,Noble,Oklahoma,40103.0,619,4.0
2020-12-05,Carbon,Montana,30009.0,615,6.0
2020-12-05,Sumter,Alabama,1119.0,612,22.0
2020-12-05,Jefferson Davis,Mississippi,28065.0,611,18.0
2020-12-05,McCook,South Dakota,46087.0,611,19.0
2020-12-05,Russell,Kansas,20167.0,610,15.0
2020-12-05,Shelby,Texas,48419.0,609,36.0
2020-12-05,St. Croix,Virgin Islands,78010.0,609,7.0
2020-12-05,Hamilton,Nebraska,31081.0,609,14.0
2020-12-05,Pocahontas,Iowa,19151.0,609,4.0
2020-12-05,Houston,Tennessee,47083.0,608,21.0
2020-12-05,Hutchinson,South Dakota,46067.0,608,13.0
2020-12-05,Towns,Georgia,13281.0,607,33.0
2020-12-05,Webster,Kentucky,21233.0,606,8.0
2020-12-05,Beaverhead,Montana,30001.0,605,3.0
2020-12-05,Phelps,Nebraska,31137.0,605,5.0
2020-12-05,Wasco,Oregon,41065.0,602,19.0
2020-12-05,Montgomery,New York,36057.0,601,20.0
2020-12-05,Spink,South Dakota,46115.0,601,19.0
2020-12-05,Yabucoa,Puerto Rico,72151.0,600,
2020-12-05,Sequatchie,Tennessee,47153.0,600,5.0
2020-12-05,McKean,Pennsylvania,42083.0,600,4.0
2020-12-05,Oglethorpe,Georgia,13221.0,599,14.0
2020-12-05,Kendall,Texas,48259.0,599,17.0
2020-12-05,Galax city,Virginia,51640.0,599,30.0
2020-12-05,Rockcastle,Kentucky,21203.0,598,7.0
2020-12-05,Knott,Kentucky,21119.0,598,9.0
2020-12-05,Claiborne,Mississippi,28021.0,598,16.0
2020-12-05,Clearwater,Idaho,16035.0,598,0.0
2020-12-05,Mason,West Virginia,54053.0,598,8.0
2020-12-05,Transylvania,North Carolina,37175.0,597,9.0
2020-12-05,Mitchell,North Carolina,37121.0,595,6.0
2020-12-05,Fulton,New York,36035.0,595,28.0
2020-12-05,Bates,Missouri,29013.0,595,9.0
2020-12-05,Valley,Montana,30105.0,594,7.0
2020-12-05,Menominee,Wisconsin,55078.0,594,8.0
2020-12-05,Pope,Minnesota,27121.0,593,2.0
2020-12-05,Howard,Iowa,19089.0,593,9.0
2020-12-05,Cheyenne,Nebraska,31033.0,592,8.0
2020-12-05,Bristol city,Virginia,51520.0,591,7.0
2020-12-05,Teton,Idaho,16081.0,591,2.0
2020-12-05,Anderson,Kentucky,21005.0,589,1.0
2020-12-05,Fulton,Arkansas,5049.0,588,13.0
2020-12-05,Brule,South Dakota,46015.0,588,5.0
2020-12-05,Dade,Georgia,13083.0,587,8.0
2020-12-05,Clay,Tennessee,47027.0,586,19.0
2020-12-05,Custer,South Dakota,46033.0,585,7.0
2020-12-05,Calaveras,California,6009.0,585,22.0
2020-12-05,Lewis,Kentucky,21135.0,585,21.0
2020-12-05,Nottoway,Virginia,51135.0,584,24.0
2020-12-05,Red River,Louisiana,22081.0,582,26.0
2020-12-05,Pitkin,Colorado,8097.0,579,2.0
2020-12-05,Osage,Kansas,20139.0,579,6.0
2020-12-05,Letcher,Kentucky,21133.0,578,2.0
2020-12-05,Calhoun,South Carolina,45017.0,578,19.0
2020-12-05,Columbia,Oregon,41009.0,578,6.0
2020-12-05,Bradley,Arkansas,5011.0,577,7.0
2020-12-05,Sullivan,Missouri,29211.0,577,6.0
2020-12-05,Houston,Texas,48225.0,577,17.0
2020-12-05,Thurston,Nebraska,31173.0,576,5.0
2020-12-05,Clearwater,Minnesota,27029.0,574,10.0
2020-12-05,Coamo,Puerto Rico,72043.0,574,
2020-12-05,Madison,North Carolina,37115.0,573,17.0
2020-12-05,Jackson,Minnesota,27063.0,572,1.0
2020-12-05,Johnston,Oklahoma,40069.0,572,5.0
2020-12-05,Zapata,Texas,48505.0,571,9.0
2020-12-05,Louisa,Virginia,51109.0,571,8.0
2020-12-05,Cheboygan,Michigan,26031.0,571,22.0
2020-12-05,Ida,Iowa,19093.0,570,16.0
2020-12-05,Baraga,Michigan,26013.0,569,24.0
2020-12-05,Humphreys,Mississippi,28053.0,569,19.0
2020-12-05,Ripley,Missouri,29181.0,569,8.0
2020-12-05,Bottineau,North Dakota,38009.0,569,19.0
2020-12-05,Magoffin,Kentucky,21153.0,567,1.0
2020-12-05,Morgan,Utah,49029.0,566,3.0
2020-12-05,Clinton,Kentucky,21053.0,566,15.0
2020-12-05,Evans,Georgia,13109.0,565,13.0
2020-12-05,Dent,Missouri,29065.0,565,4.0
2020-12-05,Comanche,Texas,48093.0,563,8.0
2020-12-05,Major,Oklahoma,40093.0,563,4.0
2020-12-05,Guayama,Puerto Rico,72057.0,562,
2020-12-05,Mason,Kentucky,21161.0,562,3.0
2020-12-05,Upshur,West Virginia,54097.0,561,4.0
2020-12-05,Seminole,Georgia,13253.0,561,12.0
2020-12-05,Marshall,Minnesota,27089.0,560,10.0
2020-12-05,Grayson,Virginia,51077.0,560,22.0
2020-12-05,Dickey,North Dakota,38021.0,560,29.0
2020-12-05,Henry,Kentucky,21103.0,560,3.0
2020-12-05,Jasper,Texas,48241.0,559,37.0
2020-12-05,Stevens,Minnesota,27149.0,558,5.0
2020-12-05,Lincoln,Colorado,8073.0,557,0.0
2020-12-05,Franklin city,Virginia,51620.0,557,17.0
2020-12-05,Panola,Texas,48365.0,557,36.0
2020-12-05,Duchesne,Utah,49013.0,557,4.0
2020-12-05,St. Helena,Louisiana,22091.0,556,4.0
2020-12-05,Osceola,Iowa,19143.0,556,2.0
2020-12-05,Tripp,South Dakota,46123.0,555,9.0
2020-12-05,Holt,Nebraska,31089.0,554,9.0
2020-12-05,Orocovis,Puerto Rico,72107.0,553,
2020-12-05,Shoshone,Idaho,16079.0,552,23.0
2020-12-05,Big Horn,Wyoming,56003.0,552,13.0
2020-12-05,Bosque,Texas,48035.0,552,16.0
2020-12-05,Jefferson,Montana,30043.0,551,1.0
2020-12-05,Grant,New Mexico,35017.0,551,7.0
2020-12-05,Greene,Iowa,19073.0,550,2.0
2020-12-05,Mono,California,6051.0,549,3.0
2020-12-05,Doniphan,Kansas,20043.0,547,2.0
2020-12-05,Robertson,Texas,48395.0,546,9.0
2020-12-05,Pratt,Kansas,20151.0,545,12.0
2020-12-05,Freestone,Texas,48161.0,544,14.0
2020-12-05,Blaine,Montana,30005.0,544,18.0
2020-12-05,Gloucester,Virginia,51073.0,543,5.0
2020-12-05,Loiza,Puerto Rico,72087.0,543,
2020-12-05,Clinch,Georgia,13065.0,542,13.0
2020-12-05,Meigs,Tennessee,47121.0,542,12.0
2020-12-05,Jasper,Georgia,13159.0,542,7.0
2020-12-05,Grundy,Missouri,29079.0,540,14.0
2020-12-05,Johnson,Georgia,13167.0,539,31.0
2020-12-05,North Slope Borough,Alaska,2185.0,539,1.0
2020-12-05,Montgomery,Iowa,19137.0,538,11.0
2020-12-05,Hancock,Georgia,13141.0,538,47.0
2020-12-05,Pulaski,Indiana,18131.0,537,21.0
2020-12-05,Sioux,North Dakota,38085.0,537,9.0
2020-12-05,Walworth,South Dakota,46129.0,535,13.0
2020-12-05,Stone,Arkansas,5137.0,535,25.0
2020-12-05,Menard,Illinois,17129.0,534,2.0
2020-12-05,Meigs,Ohio,39105.0,534,12.0
2020-12-05,Clinton,New York,36019.0,532,5.0
2020-12-05,Aguas Buenas,Puerto Rico,72007.0,532,
2020-12-05,Rice,Kansas,20159.0,531,1.0
2020-12-05,Howard,Missouri,29089.0,531,2.0
2020-12-05,Juab,Utah,49023.0,531,8.0
2020-12-05,Powell,Kentucky,21197.0,531,0.0
2020-12-05,Antrim,Michigan,26009.0,529,6.0
2020-12-05,Ciales,Puerto Rico,72039.0,528,
2020-12-05,Wayne,Missouri,29223.0,527,3.0
2020-12-05,Florida,Puerto Rico,72054.0,524,
2020-12-05,Fluvanna,Virginia,51065.0,522,9.0
2020-12-05,Harrison,Kentucky,21097.0,522,1.0
2020-12-05,Pepin,Wisconsin,55091.0,522,2.0
2020-12-05,Kearney,Nebraska,31099.0,521,1.0
2020-12-05,Humboldt,Nevada,32013.0,520,6.0
2020-12-05,Washakie,Wyoming,56043.0,519,8.0
2020-12-05,Ralls,Missouri,29173.0,519,2.0
2020-12-05,Hamlin,South Dakota,46057.0,518,17.0
2020-12-05,Perry,Tennessee,47135.0,517,22.0
2020-12-05,Gasconade,Missouri,29073.0,516,25.0
2020-12-05,Dooly,Georgia,13093.0,515,19.0
2020-12-05,Clarke,Iowa,19039.0,515,4.0
2020-12-05,Custer,Nebraska,31041.0,515,13.0
2020-12-05,Millard,Utah,49027.0,513,1.0
2020-12-05,Kemper,Mississippi,28069.0,512,19.0
2020-12-05,Benton,Mississippi,28009.0,512,18.0
2020-12-05,Anasco,Puerto Rico,72011.0,512,
2020-12-05,Clallam,Washington,53009.0,512,4.0
2020-12-05,Polk,North Carolina,37149.0,511,13.0
2020-12-05,Powhatan,Virginia,51145.0,511,6.0
2020-12-05,Quitman,Mississippi,28119.0,510,7.0
2020-12-05,Merrick,Nebraska,31121.0,508,6.0
2020-12-05,Foster,North Dakota,38031.0,507,17.0
2020-12-05,Screven,Georgia,13251.0,506,15.0
2020-12-05,Coos,Oregon,41011.0,505,3.0
2020-12-05,Patrick,Virginia,51141.0,505,28.0
2020-12-05,Wyoming,Pennsylvania,42131.0,505,27.0
2020-12-05,Webster,Mississippi,28155.0,504,14.0
2020-12-05,Castro,Texas,48069.0,504,8.0
2020-12-05,Washita,Oklahoma,40149.0,504,2.0
2020-12-05,Bailey,Texas,48017.0,503,9.0
2020-12-05,Live Oak,Texas,48297.0,503,10.0
2020-12-05,Kent,Maryland,24029.0,502,25.0
2020-12-05,Jenkins,Georgia,13165.0,502,34.0
2020-12-05,Benzie,Michigan,26019.0,501,8.0
2020-12-05,Davis,Iowa,19051.0,501,11.0
2020-12-05,Estill,Kentucky,21065.0,500,0.0
2020-12-05,Power,Idaho,16077.0,499,4.0
2020-12-05,Naguabo,Puerto Rico,72103.0,498,
2020-12-05,Barbour,West Virginia,54001.0,497,5.0
2020-12-05,Villalba,Puerto Rico,72149.0,497,
2020-12-05,Buchanan,Virginia,51027.0,496,23.0
2020-12-05,Arenac,Michigan,26011.0,495,19.0
2020-12-05,Martin,Kentucky,21159.0,495,9.0
2020-12-05,Gunnison,Colorado,8051.0,495,7.0
2020-12-05,Sublette,Wyoming,56035.0,493,2.0
2020-12-05,Nevada,Arkansas,5099.0,492,15.0
2020-12-05,Brunswick,Virginia,51025.0,489,8.0
2020-12-05,San Miguel,New Mexico,35047.0,488,2.0
2020-12-05,Benton,Indiana,18007.0,488,3.0
2020-12-05,Somerset,Maine,23025.0,487,20.0
2020-12-05,Phillips,Kansas,20147.0,484,10.0
2020-12-05,Wilkes,Georgia,13317.0,484,10.0
2020-12-05,Camp,Texas,48063.0,483,15.0
2020-12-05,Carroll,New Hampshire,33003.0,483,2.0
2020-12-05,Taylor,Iowa,19173.0,483,3.0
2020-12-05,Washington,New York,36115.0,483,14.0
2020-12-05,Richmond,Virginia,51159.0,483,6.0
2020-12-05,Scott,Kansas,20171.0,482,5.0
2020-12-05,Marion,Kansas,20115.0,481,1.0
2020-12-05,Utuado,Puerto Rico,72141.0,481,
2020-12-05,Westmoreland,Virginia,51193.0,480,8.0
2020-12-05,Marion,Arkansas,5089.0,480,6.0
2020-12-05,Sherman,Kansas,20181.0,480,7.0
2020-12-05,Adair,Iowa,19001.0,479,10.0
2020-12-05,McHenry,North Dakota,38049.0,478,17.0
2020-12-05,Ransom,North Dakota,38073.0,478,9.0
2020-12-05,Lawrence,Kentucky,21127.0,478,2.0
2020-12-05,Knox,Nebraska,31107.0,477,2.0
2020-12-05,Lyman,South Dakota,46085.0,476,8.0
2020-12-05,Turner,Georgia,13287.0,476,25.0
2020-12-05,Goochland,Virginia,51075.0,476,7.0
2020-12-05,Irwin,Georgia,13155.0,474,14.0
2020-12-05,Dawes,Nebraska,31045.0,473,18.0
2020-12-05,Hood River,Oregon,41027.0,473,3.0
2020-12-05,Monroe,Iowa,19135.0,473,13.0
2020-12-05,Newton,Arkansas,5101.0,472,23.0
2020-12-05,Pulaski,Georgia,13235.0,472,28.0
2020-12-05,Barceloneta,Puerto Rico,72017.0,471,
2020-12-05,Todd,Kentucky,21219.0,471,13.0
2020-12-05,Breckinridge,Kentucky,21027.0,470,4.0
2020-12-05,Monona,Iowa,19133.0,469,8.0
2020-12-05,Carroll,Missouri,29033.0,469,7.0
2020-12-05,Burt,Nebraska,31021.0,467,2.0
2020-12-05,Blaine,Oklahoma,40011.0,467,2.0
2020-12-05,Presidio,Texas,48377.0,467,10.0
2020-12-05,Wilkinson,Georgia,13319.0,467,18.0
2020-12-05,King George,Virginia,51099.0,467,7.0
2020-12-05,Gentry,Missouri,29075.0,466,13.0
2020-12-05,Greene,Alabama,1063.0,466,18.0
2020-12-05,Leon,Texas,48289.0,465,16.0
2020-12-05,Grant,West Virginia,54023.0,465,9.0
2020-12-05,Wetzel,West Virginia,54103.0,464,14.0
2020-12-05,Grand,Colorado,8049.0,464,3.0
2020-12-05,Lake,Minnesota,27075.0,462,8.0
2020-12-05,Stevens,Kansas,20189.0,461,4.0
2020-12-05,Douglas,Missouri,29067.0,461,15.0
2020-12-05,Caribou,Idaho,16029.0,461,10.0
2020-12-05,Kingsbury,South Dakota,46077.0,461,12.0
2020-12-05,Stillwater,Montana,30095.0,460,7.0
2020-12-05,Pulaski,Illinois,17153.0,460,2.0
2020-12-05,Lincoln,West Virginia,54043.0,460,5.0
2020-12-05,Lewis,New York,36049.0,459,9.0
2020-12-05,Nowata,Oklahoma,40105.0,458,5.0
2020-12-05,Kusilvak Census Area,Alaska,2158.0,458,2.0
2020-12-05,Marshall,Illinois,17123.0,456,7.0
2020-12-05,Allendale,South Carolina,45005.0,455,9.0
2020-12-05,Pierce,Nebraska,31139.0,455,13.0
2020-12-05,Cedar,Missouri,29039.0,455,7.0
2020-12-05,Manistee,Michigan,26101.0,453,8.0
2020-12-05,Clay,Kansas,20027.0,453,11.0
2020-12-05,Brown,Indiana,18013.0,451,6.0
2020-12-05,Oxford,Maine,23017.0,451,5.0
2020-12-05,Colonial Heights city,Virginia,51570.0,451,26.0
2020-12-05,Lampasas,Texas,48281.0,450,11.0
2020-12-05,Aransas,Texas,48007.0,450,20.0
2020-12-05,Gregory,South Dakota,46053.0,450,22.0
2020-12-05,Keith,Nebraska,31101.0,449,1.0
2020-12-05,Wilkin,Minnesota,27167.0,449,5.0
2020-12-05,Monroe,Ohio,39111.0,448,22.0
2020-12-05,Pendleton,Kentucky,21191.0,448,1.0
2020-12-05,Van Buren,Arkansas,5141.0,448,5.0
2020-12-05,Gray,Kansas,20069.0,448,4.0
2020-12-05,Dade,Missouri,29057.0,447,27.0
2020-12-05,Metcalfe,Kentucky,21169.0,445,6.0
2020-12-05,Comerio,Puerto Rico,72045.0,444,
2020-12-05,Moody,South Dakota,46101.0,444,12.0
2020-12-05,Iron,Wisconsin,55051.0,443,15.0
2020-12-05,Koochiching,Minnesota,27071.0,443,6.0
2020-12-05,Lewis,Missouri,29111.0,443,2.0
2020-12-05,Ward,Texas,48475.0,441,6.0
2020-12-05,Pierce,North Dakota,38069.0,441,7.0
2020-12-05,Pushmataha,Oklahoma,40127.0,441,6.0
2020-12-05,Montgomery,Georgia,13209.0,439,10.0
2020-12-05,Trigg,Kentucky,21221.0,439,2.0
2020-12-05,Appomattox,Virginia,51011.0,438,6.0
2020-12-05,Choctaw,Alabama,1023.0,438,20.0
2020-12-05,Harrison,Missouri,29081.0,437,3.0
2020-12-05,Lac qui Parle,Minnesota,27073.0,436,4.0
2020-12-05,Dallam,Texas,48111.0,435,15.0
2020-12-05,Wilkinson,Mississippi,28157.0,434,22.0
2020-12-05,Jefferson,Nebraska,31095.0,434,0.0
2020-12-05,Allen,Kansas,20001.0,433,1.0
2020-12-05,Hamilton,Illinois,17065.0,433,4.0
2020-12-05,Madison,Montana,30057.0,432,3.0
2020-12-05,Edmonson,Kentucky,21061.0,431,13.0
2020-12-05,Kodiak Island Borough,Alaska,2150.0,431,1.0
2020-12-05,Pike,Arkansas,5109.0,431,4.0
2020-12-05,Lemhi,Idaho,16059.0,431,8.0
2020-12-05,Heard,Georgia,13149.0,430,8.0
2020-12-05,McLean,Kentucky,21149.0,429,20.0
2020-12-05,Clay,Nebraska,31035.0,429,4.0
2020-12-05,Pamlico,North Carolina,37137.0,429,3.0
2020-12-05,Caldwell,Missouri,29025.0,427,3.0
2020-12-05,Wheeler,Georgia,13309.0,426,19.0
2020-12-05,Terrell,Georgia,13273.0,426,33.0
2020-12-05,La Salle,Texas,48283.0,425,14.0
2020-12-05,Leelanau,Michigan,26089.0,424,3.0
2020-12-05,Quebradillas,Puerto Rico,72115.0,424,
2020-12-05,Moore,Tennessee,47127.0,424,2.0
2020-12-05,Swain,North Carolina,37173.0,424,5.0
2020-12-05,Miller,Georgia,13201.0,423,3.0
2020-12-05,Taylor,Georgia,13269.0,422,13.0
2020-12-05,Hampshire,West Virginia,54027.0,422,4.0
2020-12-05,New Kent,Virginia,51127.0,422,4.0
2020-12-05,Cedar,Nebraska,31027.0,422,3.0
2020-12-05,Scott,Arkansas,5127.0,421,3.0
2020-12-05,Dixon,Nebraska,31051.0,421,4.0
2020-12-05,Delaware,New York,36025.0,420,6.0
2020-12-05,Nantucket,Massachusetts,25019.0,420,2.0
2020-12-05,Martin,Indiana,18101.0,420,6.0
2020-12-05,Weston,Wyoming,56045.0,419,2.0
2020-12-05,Kingman,Kansas,20095.0,418,5.0
2020-12-05,Brooks,Texas,48047.0,418,25.0
2020-12-05,Anderson,Kansas,20003.0,417,0.0
2020-12-05,Kiowa,Oklahoma,40075.0,417,7.0
2020-12-05,Alleghany,North Carolina,37005.0,416,1.0
2020-12-05,Torrance,New Mexico,35057.0,415,2.0
2020-12-05,Lanier,Georgia,13173.0,415,10.0
2020-12-05,Kearny,Kansas,20093.0,415,8.0
2020-12-05,Pickett,Tennessee,47137.0,413,15.0
2020-12-05,Republic,Kansas,20157.0,412,7.0
2020-12-05,Day,South Dakota,46037.0,412,11.0
2020-12-05,Warren,Pennsylvania,42123.0,412,1.0
2020-12-05,Monroe,Missouri,29137.0,412,3.0
2020-12-05,Corson,South Dakota,46031.0,411,5.0
2020-12-05,Del Norte,California,6015.0,411,1.0
2020-12-05,Monroe,West Virginia,54063.0,411,10.0
2020-12-05,Luquillo,Puerto Rico,72089.0,410,
2020-12-05,Alfalfa,Oklahoma,40003.0,410,1.0
2020-12-05,Cleveland,Arkansas,5025.0,409,15.0
2020-12-05,Sierra,New Mexico,35051.0,409,8.0
2020-12-05,Morgan,Ohio,39115.0,409,15.0
2020-12-05,Wilcox,Georgia,13315.0,409,28.0
2020-12-05,Lynn,Texas,48305.0,409,10.0
2020-12-05,San German,Puerto Rico,72125.0,408,
2020-12-05,Eastland,Texas,48133.0,408,9.0
2020-12-05,Fleming,Kentucky,21069.0,407,0.0
2020-12-05,Clay,Texas,48077.0,407,7.0
2020-12-05,Runnels,Texas,48399.0,405,11.0
2020-12-05,Nicholas,West Virginia,54067.0,404,5.0
2020-12-05,McIntosh,Georgia,13191.0,403,10.0
2020-12-05,Clatsop,Oregon,41007.0,403,0.0
2020-12-05,Oregon,Missouri,29149.0,401,2.0
2020-12-05,Lincoln,Minnesota,27081.0,398,1.0
2020-12-05,Worth,Iowa,19195.0,398,1.0
2020-12-05,Taylor,West Virginia,54091.0,397,9.0
2020-12-05,Van Buren,Tennessee,47175.0,397,3.0
2020-12-05,Richardson,Nebraska,31147.0,396,3.0
2020-12-05,Rooks,Kansas,20163.0,396,8.0
2020-12-05,Breathitt,Kentucky,21025.0,396,3.0
2020-12-05,Fremont,Iowa,19071.0,395,3.0
2020-12-05,Kalkaska,Michigan,26079.0,395,7.0
2020-12-05,Boundary,Idaho,16021.0,394,4.0
2020-12-05,Franklin,Mississippi,28037.0,394,6.0
2020-12-05,Coosa,Alabama,1037.0,393,4.0
2020-12-05,Jefferson,Mississippi,28063.0,393,12.0
2020-12-05,LaMoure,North Dakota,38045.0,393,16.0
2020-12-05,Bent,Colorado,8011.0,392,1.0
2020-12-05,Maries,Missouri,29125.0,390,4.0
2020-12-05,Buffalo,South Dakota,46017.0,390,10.0
2020-12-05,Treutlen,Georgia,13283.0,390,15.0
2020-12-05,Howard,Nebraska,31093.0,390,7.0
2020-12-05,Crawford,Michigan,26039.0,388,5.0
2020-12-05,Currituck,North Carolina,37053.0,388,5.0
2020-12-05,Dimmit,Texas,48127.0,387,9.0
2020-12-05,Choctaw,Mississippi,28019.0,386,7.0
2020-12-05,Van Buren,Iowa,19177.0,385,5.0
2020-12-05,Hickory,Missouri,29085.0,384,6.0
2020-12-05,Cavalier,North Dakota,38019.0,384,2.0
2020-12-05,Fulton,Pennsylvania,42057.0,384,7.0
2020-12-05,Greene,Virginia,51079.0,383,4.0
2020-12-05,Carroll,Kentucky,21041.0,383,6.0
2020-12-05,Tillman,Oklahoma,40141.0,381,7.0
2020-12-05,Lexington city,Virginia,51678.0,381,3.0
2020-12-05,Mitchell,Texas,48335.0,380,7.0
2020-12-05,Crawford,Indiana,18025.0,380,3.0
2020-12-05,Norman,Minnesota,27107.0,379,8.0
2020-12-05,Prairie,Arkansas,5117.0,378,9.0
2020-12-05,Aurora,South Dakota,46003.0,377,5.0
2020-12-05,San Augustine,Texas,48405.0,377,18.0
2020-12-05,Eddy,North Dakota,38027.0,377,5.0
2020-12-05,Hardy,West Virginia,54031.0,377,1.0
2020-12-05,Fall River,South Dakota,46047.0,376,10.0
2020-12-05,Lincoln,Idaho,16063.0,376,8.0
2020-12-05,Santa Isabel,Puerto Rico,72133.0,376,
2020-12-05,Floyd,Virginia,51063.0,376,16.0
2020-12-05,Alger,Michigan,26003.0,375,2.0
2020-12-05,Florence,Wisconsin,55037.0,375,12.0
2020-12-05,Rains,Texas,48379.0,375,9.0
2020-12-05,Alleghany,Virginia,51005.0,374,15.0
2020-12-05,Emery,Utah,49015.0,373,4.0
2020-12-05,Johnson,Wyoming,56019.0,372,5.0
2020-12-05,Northwest Arctic Borough,Alaska,2188.0,371,0.0
2020-12-05,Randolph,Georgia,13243.0,371,30.0
2020-12-05,Wilson,Kansas,20205.0,370,4.0
2020-12-05,Seneca,New York,36099.0,370,2.0
2020-12-05,Morgan,Kentucky,21175.0,369,0.0
2020-12-05,St. Clair,Missouri,29185.0,369,1.0
2020-12-05,Nelson,North Dakota,38063.0,369,10.0
2020-12-05,Daviess,Missouri,29061.0,368,8.0
2020-12-05,Yuma,Colorado,8125.0,367,3.0
2020-12-05,Refugio,Texas,48391.0,366,16.0
2020-12-05,Montgomery,Missouri,29139.0,366,6.0
2020-12-05,Perquimans,North Carolina,37143.0,364,4.0
2020-12-05,Fillmore,Nebraska,31059.0,361,4.0
2020-12-05,Macon,Georgia,13193.0,361,16.0
2020-12-05,Schuyler,Illinois,17169.0,360,2.0
2020-12-05,Morrill,Nebraska,31123.0,360,4.0
2020-12-05,Nemaha,Nebraska,31127.0,360,0.0
2020-12-05,Antelope,Nebraska,31003.0,359,4.0
2020-12-05,Jayuya,Puerto Rico,72073.0,358,
2020-12-05,Lucas,Iowa,19117.0,358,6.0
2020-12-05,Northampton,Virginia,51131.0,356,31.0
2020-12-05,Bath,Kentucky,21011.0,356,1.0
2020-12-05,McCormick,South Carolina,45065.0,354,8.0
2020-12-05,Emmons,North Dakota,38029.0,354,10.0
2020-12-05,Boone,Nebraska,31011.0,354,1.0
2020-12-05,Long,Georgia,13183.0,352,5.0
2020-12-05,Shannon,Missouri,29203.0,352,9.0
2020-12-05,Big Stone,Minnesota,27011.0,351,2.0
2020-12-05,Moffat,Colorado,8081.0,351,13.0
2020-12-05,Platte,Wyoming,56031.0,351,8.0
2020-12-05,Sargent,North Dakota,38081.0,351,5.0
2020-12-05,Schuyler,New York,36097.0,350,4.0
2020-12-05,White Pine,Nevada,32033.0,350,2.0
2020-12-05,Llano,Texas,48299.0,350,4.0
2020-12-05,Harper,Kansas,20077.0,349,14.0
2020-12-05,Searcy,Arkansas,5129.0,348,1.0
2020-12-05,Decatur,Iowa,19053.0,347,0.0
2020-12-05,Brown,Illinois,17009.0,347,6.0
2020-12-05,Livingston,Kentucky,21139.0,346,3.0
2020-12-05,Washington,Kansas,20201.0,346,7.0
2020-12-05,Deuel,South Dakota,46039.0,344,3.0
2020-12-05,Union,Indiana,18161.0,343,2.0
2020-12-05,Stephens,Texas,48429.0,343,8.0
2020-12-05,Dallas,Arkansas,5039.0,342,6.0
2020-12-05,Emporia city,Virginia,51595.0,341,28.0
2020-12-05,Coos,New Hampshire,33007.0,341,9.0
2020-12-05,Johnson,Nebraska,31097.0,341,2.0
2020-12-05,Dickenson,Virginia,51051.0,341,2.0
2020-12-05,Linn,Missouri,29115.0,340,11.0
2020-12-05,Montgomery,Arkansas,5097.0,340,10.0
2020-12-05,Lincoln,Georgia,13181.0,339,11.0
2020-12-05,Sharkey,Mississippi,28125.0,338,17.0
2020-12-05,Linn,Kansas,20107.0,337,2.0
2020-12-05,Presque Isle,Michigan,26141.0,337,4.0
2020-12-05,Hancock,Kentucky,21091.0,336,11.0
2020-12-05,Kit Carson,Colorado,8063.0,336,8.0
2020-12-05,Washington,North Carolina,37187.0,335,8.0
2020-12-05,Giles,Virginia,51071.0,335,1.0
2020-12-05,Morgan,West Virginia,54065.0,334,2.0
2020-12-05,Harrison,Ohio,39067.0,333,3.0
2020-12-05,Monroe,Arkansas,5095.0,332,4.0
2020-12-05,Coal,Oklahoma,40029.0,331,2.0
2020-12-05,Leslie,Kentucky,21131.0,331,1.0
2020-12-05,Vinton,Ohio,39163.0,330,6.0
2020-12-05,Sheridan,Kansas,20179.0,330,0.0
2020-12-05,Wabaunsee,Kansas,20197.0,330,1.0
2020-12-05,Coffey,Kansas,20031.0,329,10.0
2020-12-05,Mahnomen,Minnesota,27087.0,329,5.0
2020-12-05,Meade,Kansas,20119.0,329,4.0
2020-12-05,Grand,Utah,49019.0,329,1.0
2020-12-05,Calhoun,Georgia,13037.0,328,11.0
2020-12-05,Pondera,Montana,30073.0,328,3.0
2020-12-05,Dunn,North Dakota,38025.0,327,6.0
2020-12-05,Bennett,South Dakota,46007.0,327,5.0
2020-12-05,Potter,Pennsylvania,42105.0,326,6.0
2020-12-05,Southeast Fairbanks Census Area,Alaska,2240.0,326,2.0
2020-12-05,Lee,Texas,48287.0,326,19.0
2020-12-05,Crook,Wyoming,56011.0,325,6.0
2020-12-05,Baker,Oregon,41001.0,325,4.0
2020-12-05,Phillips,Montana,30071.0,325,7.0
2020-12-05,Tyler,Texas,48457.0,325,5.0
2020-12-05,Inyo,California,6027.0,324,16.0
2020-12-05,Latimer,Oklahoma,40077.0,324,4.0
2020-12-05,Aibonito,Puerto Rico,72009.0,324,
2020-12-05,Mackinac,Michigan,26097.0,324,1.0
2020-12-05,Guayanilla,Puerto Rico,72059.0,322,
2020-12-05,Winkler,Texas,48495.0,322,6.0
2020-12-05,Hamilton,Texas,48193.0,322,8.0
2020-12-05,Polk,Nebraska,31143.0,322,8.0
2020-12-05,Carter,Missouri,29035.0,320,6.0
2020-12-05,Clark,Missouri,29045.0,320,4.0
2020-12-05,Essex,New York,36031.0,319,14.0
2020-12-05,Lake,Colorado,8065.0,318,0.0
2020-12-05,Douglas,South Dakota,46043.0,318,5.0
2020-12-05,Missaukee,Michigan,26113.0,318,4.0
2020-12-05,Cumberland,Kentucky,21057.0,318,3.0
2020-12-05,Stark,Illinois,17175.0,318,7.0
2020-12-05,Rockbridge,Virginia,51163.0,317,2.0
2020-12-05,Wells,North Dakota,38103.0,315,3.0
2020-12-05,Henderson,Illinois,17071.0,314,2.0
2020-12-05,Nance,Nebraska,31125.0,314,2.0
2020-12-05,Fulton,Kentucky,21075.0,314,4.0
2020-12-05,Reynolds,Missouri,29179.0,313,2.0
2020-12-05,San Saba,Texas,48411.0,313,9.0
2020-12-05,Warren,Indiana,18171.0,313,4.0
2020-12-05,Audubon,Iowa,19009.0,312,2.0
2020-12-05,Colfax,New Mexico,35007.0,311,5.0
2020-12-05,Ness,Kansas,20135.0,311,13.0
2020-12-05,Grant,Minnesota,27051.0,311,6.0
2020-12-05,Buena Vista city,Virginia,51530.0,310,1.0
2020-12-05,Hancock,Maine,23009.0,310,3.0
2020-12-05,Wayne,Iowa,19185.0,310,7.0
2020-12-05,Dukes,Massachusetts,25007.0,309,0.0
2020-12-05,Gove,Kansas,20063.0,309,20.0
2020-12-05,Ozark,Missouri,29153.0,309,3.0
2020-12-05,Sheridan,Montana,30091.0,307,3.0
2020-12-05,Archuleta,Colorado,8007.0,306,0.0
2020-12-05,Cameron,Louisiana,22023.0,305,3.0
2020-12-05,Franklin,New York,36033.0,305,8.0
2020-12-05,Switzerland,Indiana,18155.0,304,5.0
2020-12-05,Franklin,Vermont,50011.0,304,12.0
2020-12-05,Echols,Georgia,13101.0,304,3.0
2020-12-05,Swisher,Texas,48437.0,303,10.0
2020-12-05,Somervell,Texas,48425.0,303,5.0
2020-12-05,Archer,Texas,48009.0,303,2.0
2020-12-05,Clay,North Carolina,37043.0,301,5.0
2020-12-05,Crockett,Texas,48105.0,301,7.0
2020-12-05,Williamsburg city,Virginia,51830.0,300,8.0
2020-12-05,Rincon,Puerto Rico,72117.0,299,
2020-12-05,King William,Virginia,51101.0,298,5.0
2020-12-05,Las Animas,Colorado,8071.0,298,1.0
2020-12-05,Yates,New York,36123.0,297,7.0
2020-12-05,Northumberland,Virginia,51133.0,296,9.0
2020-12-05,Gallatin,Kentucky,21077.0,296,9.0
2020-12-05,Benewah,Idaho,16009.0,296,3.0
2020-12-05,Penuelas,Puerto Rico,72111.0,295,
2020-12-05,Furnas,Nebraska,31065.0,295,3.0
2020-12-05,Summers,West Virginia,54089.0,294,10.0
2020-12-05,Hormigueros,Puerto Rico,72067.0,294,
2020-12-05,Jones,North Carolina,37103.0,294,15.0
2020-12-05,Chouteau,Montana,30015.0,294,3.0
2020-12-05,Hand,South Dakota,46059.0,294,1.0
2020-12-05,Haskell,Kansas,20081.0,293,1.0
2020-12-05,Klickitat,Washington,53039.0,292,3.0
2020-12-05,Ontonagon,Michigan,26131.0,292,15.0
2020-12-05,Charlotte,Virginia,51037.0,292,5.0
2020-12-05,Morris,Texas,48343.0,291,8.0
2020-12-05,Sheridan,Nebraska,31161.0,291,8.0
2020-12-05,Greer,Oklahoma,40055.0,290,8.0
2020-12-05,Washington,Colorado,8121.0,290,9.0
2020-12-05,Faulk,South Dakota,46049.0,287,10.0
2020-12-05,Holt,Missouri,29087.0,287,4.0
2020-12-05,Calhoun,Illinois,17013.0,287,1.0
2020-12-05,Sanborn,South Dakota,46111.0,287,2.0
2020-12-05,Greenlee,Arizona,4011.0,286,3.0
2020-12-05,Thayer,Nebraska,31169.0,285,2.0
2020-12-05,McCulloch,Texas,48307.0,285,6.0
2020-12-05,Rush,Kansas,20165.0,284,0.0
2020-12-05,Potter,South Dakota,46107.0,284,2.0
2020-12-05,Bandera,Texas,48019.0,284,11.0
2020-12-05,Chase,Nebraska,31029.0,283,3.0
2020-12-05,Crook,Oregon,41013.0,282,6.0
2020-12-05,Cotton,Oklahoma,40033.0,282,4.0
2020-12-05,Valley,Idaho,16085.0,282,1.0
2020-12-05,Graham,North Carolina,37075.0,281,11.0
2020-12-05,Jack,Texas,48237.0,281,4.0
2020-12-05,Hanson,South Dakota,46061.0,281,3.0
2020-12-05,Windham,Vermont,50025.0,281,5.0
2020-12-05,Sabana Grande,Puerto Rico,72121.0,280,
2020-12-05,Pend Oreille,Washington,53051.0,279,3.0
2020-12-05,Perry,Arkansas,5105.0,279,4.0
2020-12-05,Ottawa,Kansas,20143.0,279,0.0
2020-12-05,Greenwood,Kansas,20073.0,278,2.0
2020-12-05,Twiggs,Georgia,13289.0,278,19.0
2020-12-05,Sweet Grass,Montana,30097.0,276,5.0
2020-12-05,Valdez-Cordova Census Area,Alaska,2261.0,275,3.0
2020-12-05,Lafayette,Arkansas,5073.0,274,3.0
2020-12-05,Edmunds,South Dakota,46045.0,274,3.0
2020-12-05,Dewey,Oklahoma,40043.0,274,1.0
2020-12-05,Park,Colorado,8093.0,273,4.0
2020-12-05,Wheeler,Texas,48483.0,272,6.0
2020-12-05,Rutland,Vermont,50021.0,271,6.0
2020-12-05,Alexander,Illinois,17003.0,271,4.0
2020-12-05,Hemphill,Texas,48211.0,271,1.0
2020-12-05,Clark,South Dakota,46025.0,271,1.0
2020-12-05,Patillas,Puerto Rico,72109.0,270,
2020-12-05,Hudspeth,Texas,48229.0,269,4.0
2020-12-05,Quay,New Mexico,35037.0,269,5.0
2020-12-05,Harper,Oklahoma,40059.0,268,2.0
2020-12-05,Pacific,Washington,53049.0,268,3.0
2020-12-05,Jefferson,Oklahoma,40067.0,268,2.0
2020-12-05,Union,New Mexico,35059.0,267,5.0
2020-12-05,Crawford,Georgia,13079.0,267,7.0
2020-12-05,Griggs,North Dakota,38039.0,267,2.0
2020-12-05,Kittson,Minnesota,27069.0,267,9.0
2020-12-05,Sanders,Montana,30089.0,266,3.0
2020-12-05,Pocahontas,West Virginia,54075.0,266,2.0
2020-12-05,Lewis,West Virginia,54041.0,266,3.0
2020-12-05,Sullivan,New Hampshire,33019.0,265,5.0
2020-12-05,Lajas,Puerto Rico,72079.0,265,
2020-12-05,Rio Grande,Colorado,8105.0,264,5.0
2020-12-05,Scott,Illinois,17171.0,264,0.0
2020-12-05,Crittenden,Kentucky,21055.0,264,3.0
2020-12-05,Hartley,Texas,48205.0,262,2.0
2020-12-05,Renville,North Dakota,38075.0,261,8.0
2020-12-05,San Jacinto,Texas,48407.0,261,15.0
2020-12-05,Putnam,Illinois,17155.0,261,0.0
2020-12-05,Chariton,Missouri,29041.0,261,0.0
2020-12-05,Ohio,Indiana,18115.0,260,7.0
2020-12-05,Guadalupe,New Mexico,35019.0,260,2.0
2020-12-05,Essex,Virginia,51057.0,258,2.0
2020-12-05,Edwards,Illinois,17047.0,258,4.0
2020-12-05,Hansford,Texas,48195.0,257,9.0
2020-12-05,Stanton,Nebraska,31167.0,257,0.0
2020-12-05,Alcona,Michigan,26001.0,257,6.0
2020-12-05,Marion,Georgia,13197.0,256,10.0
2020-12-05,Waldo,Maine,23027.0,256,17.0
2020-12-05,Callahan,Texas,48059.0,256,10.0
2020-12-05,Iron,Missouri,29093.0,256,1.0
2020-12-05,Mitchell,Kansas,20123.0,256,0.0
2020-12-05,Franklin,Texas,48159.0,256,10.0
2020-12-05,Ringgold,Iowa,19159.0,256,2.0
2020-12-05,San Miguel,Colorado,8113.0,255,0.0
2020-12-05,Fallon,Montana,30025.0,255,1.0
2020-12-05,Owsley,Kentucky,21189.0,253,1.0
2020-12-05,Amelia,Virginia,51007.0,253,7.0
2020-12-05,Lander,Nevada,32015.0,253,4.0
2020-12-05,Hettinger,North Dakota,38041.0,251,3.0
2020-12-05,Franklin,Maine,23007.0,251,4.0
2020-12-05,Martin,Texas,48317.0,250,8.0
2020-12-05,Owen,Kentucky,21187.0,250,3.0
2020-12-05,Adjuntas,Puerto Rico,72001.0,249,
2020-12-05,Orange,Vermont,50017.0,248,0.0
2020-12-05,Arroyo,Puerto Rico,72015.0,248,
2020-12-05,McIntosh,North Dakota,38051.0,248,7.0
2020-12-05,Rawlins,Kansas,20153.0,248,3.0
2020-12-05,Red Lake,Minnesota,27125.0,248,3.0
2020-12-05,Logan,Kansas,20109.0,247,0.0
2020-12-05,Red River,Texas,48387.0,246,18.0
2020-12-05,Lancaster,Virginia,51103.0,246,1.0
2020-12-05,Garfield,Utah,49017.0,246,6.0
2020-12-05,Nuckolls,Nebraska,31129.0,246,1.0
2020-12-05,Ceiba,Puerto Rico,72037.0,246,
2020-12-05,Nome Census Area,Alaska,2180.0,245,0.0
2020-12-05,Gates,North Carolina,37073.0,245,7.0
2020-12-05,Jerauld,South Dakota,46073.0,244,13.0
2020-12-05,Webster,Nebraska,31181.0,243,3.0
2020-12-05,Teton,Montana,30099.0,241,3.0
2020-12-05,Windsor,Vermont,50027.0,241,2.0
2020-12-05,Talbot,Georgia,13263.0,241,8.0
2020-12-05,Shelby,Missouri,29205.0,240,1.0
2020-12-05,Lewis,Idaho,16061.0,240,4.0
2020-12-05,Stanley,South Dakota,46117.0,239,1.0
2020-12-05,Ziebach,South Dakota,46137.0,239,7.0
2020-12-05,Ellis,Oklahoma,40045.0,238,0.0
2020-12-05,Crane,Texas,48103.0,238,8.0
2020-12-05,Trego,Kansas,20195.0,238,3.0
2020-12-05,Musselshell,Montana,30065.0,236,6.0
2020-12-05,Bennington,Vermont,50003.0,235,1.0
2020-12-05,Schoharie,New York,36095.0,235,2.0
2020-12-05,Jim Hogg,Texas,48247.0,234,8.0
2020-12-05,Trinity,Texas,48455.0,233,9.0
2020-12-05,Oscoda,Michigan,26135.0,232,10.0
2020-12-05,Plumas,California,6063.0,232,0.0
2020-12-05,Grant,Oklahoma,40053.0,231,5.0
2020-12-05,Saguache,Colorado,8109.0,231,4.0
2020-12-05,Lincoln,Nevada,32017.0,231,1.0
2020-12-05,Culberson,Texas,48109.0,230,3.0
2020-12-05,Beaver,Oklahoma,40007.0,230,2.0
2020-12-05,Reagan,Texas,48383.0,230,6.0
2020-12-05,Sutton,Texas,48435.0,230,4.0
2020-12-05,Bland,Virginia,51021.0,229,5.0
2020-12-05,Warren,Georgia,13301.0,226,8.0
2020-12-05,Knox,Maine,23013.0,226,4.0
2020-12-05,Atchison,Missouri,29005.0,226,3.0
2020-12-05,Stafford,Kansas,20185.0,225,3.0
2020-12-05,Lake,Michigan,26085.0,224,6.0
2020-12-05,Fairfax city,Virginia,51600.0,223,9.0
2020-12-05,Cheyenne,Kansas,20023.0,223,9.0
2020-12-05,Maunabo,Puerto Rico,72095.0,223,
2020-12-05,Kidder,North Dakota,38043.0,223,7.0
2020-12-05,Sitka City and Borough,Alaska,2220.0,222,0.0
2020-12-05,Carlisle,Kentucky,21039.0,222,1.0
2020-12-05,Tensas,Louisiana,22107.0,221,3.0
2020-12-05,Montmorency,Michigan,26119.0,220,2.0
2020-12-05,Morris,Kansas,20127.0,220,1.0
2020-12-05,Towner,North Dakota,38095.0,220,9.0
2020-12-05,Lyon,Kentucky,21143.0,219,5.0
2020-12-05,Gallatin,Illinois,17059.0,218,3.0
2020-12-05,Clarke,Virginia,51043.0,218,4.0
2020-12-05,Gilmer,West Virginia,54021.0,218,0.0
2020-12-05,Woodruff,Arkansas,5147.0,216,1.0
2020-12-05,Jackson,South Dakota,46071.0,216,8.0
2020-12-05,Perkins,South Dakota,46105.0,215,2.0
2020-12-05,Broadwater,Montana,30007.0,215,1.0
2020-12-05,Valley,Nebraska,31175.0,214,1.0
2020-12-05,Conejos,Colorado,8021.0,212,3.0
2020-12-05,Roane,West Virginia,54087.0,211,3.0
2020-12-05,Bear Lake,Idaho,16007.0,211,1.0
2020-12-05,Ketchikan Gateway Borough,Alaska,2130.0,209,0.0
2020-12-05,Guanica,Puerto Rico,72055.0,209,
2020-12-05,Clear Creek,Colorado,8019.0,208,2.0
2020-12-05,Marshall,South Dakota,46091.0,207,3.0
2020-12-05,Wolfe,Kentucky,21237.0,206,1.0
2020-12-05,Barber,Kansas,20007.0,206,2.0
2020-12-05,Cherry,Nebraska,31031.0,206,4.0
2020-12-05,Trimble,Kentucky,21223.0,205,0.0
2020-12-05,Kane,Utah,49025.0,205,1.0
2020-12-05,Decatur,Kansas,20039.0,204,1.0
2020-12-05,Hancock,Tennessee,47067.0,203,4.0
2020-12-05,Addison,Vermont,50001.0,203,2.0
2020-12-05,Miner,South Dakota,46097.0,203,5.0
2020-12-05,Nelson,Virginia,51125.0,202,3.0
2020-12-05,Huerfano,Colorado,8055.0,201,7.0
2020-12-05,Newton,Texas,48351.0,201,16.0
2020-12-05,Ritchie,West Virginia,54085.0,200,4.0
2020-12-05,Madison,Virginia,51113.0,200,4.0
2020-12-05,Floyd,Texas,48153.0,200,16.0
2020-12-05,Phillips,Colorado,8095.0,200,3.0
2020-12-05,Camden,North Carolina,37029.0,198,4.0
2020-12-05,Coke,Texas,48081.0,198,9.0
2020-12-05,Scotland,Missouri,29199.0,197,1.0
2020-12-05,Washington,Maine,23029.0,197,2.0
2020-12-05,Edwards,Kansas,20047.0,195,0.0
2020-12-05,Kimball,Nebraska,31105.0,194,3.0
2020-12-05,Bowman,North Dakota,38011.0,193,3.0
2020-12-05,Adams,Iowa,19003.0,193,2.0
2020-12-05,Coleman,Texas,48083.0,192,6.0
2020-12-05,Mellette,South Dakota,46095.0,192,1.0
2020-12-05,Bracken,Kentucky,21023.0,192,3.0
2020-12-05,Roger Mills,Oklahoma,40129.0,192,5.0
2020-12-05,Hidalgo,New Mexico,35023.0,191,4.0
2020-12-05,Blanco,Texas,48031.0,191,6.0
2020-12-05,Hyde,North Carolina,37095.0,190,5.0
2020-12-05,Beaver,Utah,49001.0,188,2.0
2020-12-05,Schoolcraft,Michigan,26153.0,188,2.0
2020-12-05,Hickman,Kentucky,21105.0,188,3.0
2020-12-05,Marion,Texas,48315.0,187,17.0
2020-12-05,Chase,Kansas,20017.0,187,3.0
2020-12-05,Covington city,Virginia,51580.0,185,2.0
2020-12-05,Smith,Kansas,20183.0,185,1.0
2020-12-05,Surry,Virginia,51181.0,183,5.0
2020-12-05,Adams,North Dakota,38001.0,183,0.0
2020-12-05,Crosby,Texas,48107.0,183,16.0
2020-12-05,Goliad,Texas,48175.0,183,6.0
2020-12-05,Schley,Georgia,13249.0,182,2.0
2020-12-05,Burke,North Dakota,38013.0,182,1.0
2020-12-05,Yukon-Koyukuk Census Area,Alaska,2290.0,182,3.0
2020-12-05,Nicholas,Kentucky,21181.0,182,3.0
2020-12-05,Morton,Kansas,20129.0,181,6.0
2020-12-05,Middlesex,Virginia,51119.0,180,11.0
2020-12-05,Sagadahoc,Maine,23023.0,180,0.0
2020-12-05,Lincoln,Washington,53043.0,179,4.0
2020-12-05,Brown,Nebraska,31017.0,179,1.0
2020-12-05,Graham,Kansas,20065.0,178,2.0
2020-12-05,Lincoln,Maine,23015.0,178,2.0
2020-12-05,Lunenburg,Virginia,51111.0,178,3.0
2020-12-05,Aroostook,Maine,23003.0,178,1.0
2020-12-05,Lamoille,Vermont,50015.0,176,1.0
2020-12-05,Tucker,West Virginia,54093.0,176,0.0
2020-12-05,Orleans,Vermont,50019.0,176,2.0
2020-12-05,Jefferson,Washington,53031.0,176,1.0
2020-12-05,Franklin,Nebraska,31061.0,176,2.0
2020-12-05,Los Alamos,New Mexico,35028.0,176,0.0
2020-12-05,Oneida,Idaho,16071.0,175,0.0
2020-12-05,Mills,Texas,48333.0,175,7.0
2020-12-05,Ballard,Kentucky,21007.0,175,2.0
2020-12-05,Golden Valley,North Dakota,38033.0,174,0.0
2020-12-05,Fisher,Texas,48151.0,173,4.0
2020-12-05,Putnam,Missouri,29171.0,173,1.0
2020-12-05,Trinity,California,6105.0,173,0.0
2020-12-05,Perkins,Nebraska,31135.0,172,10.0
2020-12-05,Mathews,Virginia,51115.0,170,1.0
2020-12-05,Garza,Texas,48169.0,169,15.0
2020-12-05,Cumberland,Virginia,51049.0,168,4.0
2020-12-05,Rio Blanco,Colorado,8103.0,168,2.0
2020-12-05,Tyler,West Virginia,54095.0,167,2.0
2020-12-05,Haakon,South Dakota,46055.0,167,3.0
2020-12-05,Logan,North Dakota,38047.0,166,6.0
2020-12-05,Hot Springs,Wyoming,56017.0,166,1.0
2020-12-05,Hamilton,Kansas,20075.0,165,0.0
2020-12-05,Hardin,Illinois,17069.0,164,2.0
2020-12-05,Lipscomb,Texas,48295.0,163,1.0
2020-12-05,Custer,Idaho,16037.0,163,1.0
2020-12-05,Las Marias,Puerto Rico,72083.0,162,
2020-12-05,Cochran,Texas,48079.0,162,5.0
2020-12-05,Wichita,Kansas,20203.0,162,0.0
2020-12-05,Calhoun,Arkansas,5013.0,161,1.0
2020-12-05,Traverse,Minnesota,27155.0,161,2.0
2020-12-05,Curry,Oregon,41015.0,160,2.0
2020-12-05,Poquoson city,Virginia,51735.0,159,2.0
2020-12-05,Grant,North Dakota,38037.0,158,6.0
2020-12-05,Tillamook,Oregon,41057.0,158,0.0
2020-12-05,Boise,Idaho,16015.0,158,2.0
2020-12-05,Harlan,Nebraska,31083.0,157,0.0
2020-12-05,Caledonia,Vermont,50005.0,157,2.0
2020-12-05,McPherson,South Dakota,46089.0,156,1.0
2020-12-05,Mariposa,California,6043.0,155,3.0
2020-12-05,Stanton,Kansas,20187.0,152,2.0
2020-12-05,Clay,Georgia,13061.0,151,3.0
2020-12-05,Charles City,Virginia,51036.0,150,7.0
2020-12-05,Clay,West Virginia,54015.0,149,3.0
2020-12-05,Lake,Oregon,41037.0,149,1.0
2020-12-05,Clark,Kansas,20025.0,148,4.0
2020-12-05,Hodgeman,Kansas,20083.0,145,4.0
2020-12-05,Real,Texas,48385.0,144,10.0
2020-12-05,Steele,North Dakota,38091.0,143,1.0
2020-12-05,Wallace,Kansas,20199.0,143,0.0
2020-12-05,Tyrrell,North Carolina,37177.0,142,3.0
2020-12-05,Schuyler,Missouri,29197.0,142,1.0
2020-12-05,Grant,Oregon,41023.0,142,1.0
2020-12-05,Boyd,Nebraska,31015.0,141,2.0
2020-12-05,Harmon,Oklahoma,40057.0,141,0.0
2020-12-05,Braxton,West Virginia,54007.0,140,0.0
2020-12-05,Granite,Montana,30039.0,139,1.0
2020-12-05,Greeley,Nebraska,31077.0,138,0.0
2020-12-05,Mason,Texas,48319.0,138,2.0
2020-12-05,Menifee,Kentucky,21165.0,137,1.0
2020-12-05,Sherman,Nebraska,31163.0,137,4.0
2020-12-05,Knox,Missouri,29103.0,137,1.0
2020-12-05,Hall,Texas,48191.0,136,3.0
2020-12-05,Butte,Idaho,16023.0,136,0.0
2020-12-05,Doddridge,West Virginia,54017.0,136,3.0
2020-12-05,Schleicher,Texas,48413.0,136,4.0
2020-12-05,Kimble,Texas,48267.0,132,4.0
2020-12-05,Wirt,West Virginia,54105.0,131,1.0
2020-12-05,Oliver,North Dakota,38065.0,131,2.0
2020-12-05,Kiowa,Kansas,20097.0,131,0.0
2020-12-05,Baca,Colorado,8009.0,129,0.0
2020-12-05,Daniels,Montana,30019.0,129,4.0
2020-12-05,Carson,Texas,48065.0,129,3.0
2020-12-05,Baker,Georgia,13007.0,128,6.0
2020-12-05,Issaquena,Mississippi,28055.0,128,4.0
2020-12-05,Concho,Texas,48095.0,127,2.0
2020-12-05,Niobrara,Wyoming,56027.0,127,0.0
2020-12-05,Divide,North Dakota,38023.0,127,2.0
2020-12-05,Ouray,Colorado,8091.0,126,2.0
2020-12-05,Pendleton,West Virginia,54071.0,125,1.0
2020-12-05,Hyde,South Dakota,46069.0,125,0.0
2020-12-05,Knox,Texas,48275.0,125,10.0
2020-12-05,Hitchcock,Nebraska,31087.0,123,1.0
2020-12-05,Pope,Illinois,17151.0,123,1.0
2020-12-05,Sabine,Texas,48403.0,122,11.0
2020-12-05,Carter,Montana,30011.0,122,4.0
2020-12-05,Adams,Idaho,16003.0,120,2.0
2020-12-05,Pleasants,West Virginia,54073.0,120,4.0
2020-12-05,Kauai,Hawaii,15007.0,120,1.0
2020-12-05,Frontier,Nebraska,31063.0,119,1.0
2020-12-05,Donley,Texas,48129.0,119,2.0
2020-12-05,Edwards,Texas,48137.0,119,2.0
2020-12-05,Falls Church city,Virginia,51610.0,119,6.0
2020-12-05,Hardeman,Texas,48197.0,118,4.0
2020-12-05,Pawnee,Nebraska,31133.0,117,0.0
2020-12-05,Gosper,Nebraska,31073.0,117,1.0
2020-12-05,Menard,Texas,48327.0,117,3.0
2020-12-05,McCone,Montana,30055.0,116,0.0
2020-12-05,Modoc,California,6049.0,115,0.0
2020-12-05,Prairie,Montana,30079.0,115,2.0
2020-12-05,Sedgwick,Colorado,8115.0,115,2.0
2020-12-05,Mineral,Nevada,32021.0,114,4.0
2020-12-05,Lake of the Woods,Minnesota,27077.0,114,1.0
2020-12-05,Forest,Pennsylvania,42053.0,114,1.0
2020-12-05,Skamania,Washington,53059.0,113,1.0
2020-12-05,Aleutians West Census Area,Alaska,2016.0,112,0.0
2020-12-05,Vieques,Puerto Rico,72147.0,111,
2020-12-05,Garfield,Nebraska,31071.0,110,4.0
2020-12-05,Wheatland,Montana,30107.0,110,6.0
2020-12-05,Harney,Oregon,41025.0,110,1.0
2020-12-05,Meagher,Montana,30059.0,110,7.0
2020-12-05,Jewell,Kansas,20089.0,110,1.0
2020-12-05,Lincoln,Kansas,20105.0,109,1.0
2020-12-05,Campbell,South Dakota,46021.0,107,1.0
2020-12-05,St. John,Virgin Islands,78020.0,106,1.0
2020-12-05,King and Queen,Virginia,51097.0,106,2.0
2020-12-05,Pershing,Nevada,32027.0,105,0.0
2020-12-05,Haskell,Texas,48207.0,105,5.0
2020-12-05,Dillingham Census Area,Alaska,2070.0,105,1.0
2020-12-05,Ferry,Washington,53019.0,105,1.0
2020-12-05,Osborne,Kansas,20141.0,104,0.0
2020-12-05,Saipan,Northern Mariana Islands,69110.0,104,2.0
2020-12-05,Rappahannock,Virginia,51157.0,103,2.0
2020-12-05,Chautauqua,Kansas,20019.0,102,1.0
2020-12-05,Lane,Kansas,20101.0,101,3.0
2020-12-05,Maricao,Puerto Rico,72093.0,99,
2020-12-05,Robertson,Kentucky,21201.0,98,3.0
2020-12-05,Gilpin,Colorado,8047.0,97,1.0
2020-12-05,Craig,Virginia,51045.0,97,1.0
2020-12-05,Kinney,Texas,48271.0,96,2.0
2020-12-05,Liberty,Montana,30051.0,96,1.0
2020-12-05,Sully,South Dakota,46119.0,96,3.0
2020-12-05,Norton city,Virginia,51720.0,95,0.0
2020-12-05,Costilla,Colorado,8023.0,92,2.0
2020-12-05,Mercer,Missouri,29129.0,91,1.0
2020-12-05,Sherman,Texas,48421.0,91,2.0
2020-12-05,Custer,Colorado,8027.0,91,0.0
2020-12-05,Comanche,Kansas,20033.0,90,1.0
2020-12-05,Wibaux,Montana,30109.0,90,3.0
2020-12-05,Powder River,Montana,30075.0,90,5.0
2020-12-05,Calhoun,West Virginia,54013.0,88,0.0
2020-12-05,Greeley,Kansas,20071.0,87,0.0
2020-12-05,Glascock,Georgia,13125.0,87,2.0
2020-12-05,Rock,Nebraska,31149.0,85,2.0
2020-12-05,Quitman,Georgia,13239.0,85,1.0
2020-12-05,Upton,Texas,48461.0,84,6.0
2020-12-05,Cook,Minnesota,27031.0,84,0.0
2020-12-05,Mineral,Montana,30061.0,84,0.0
2020-12-05,Worth,Missouri,29227.0,83,0.0
2020-12-05,Harding,South Dakota,46063.0,83,0.0
2020-12-05,Sheridan,North Dakota,38083.0,83,1.0
2020-12-05,Cimarron,Oklahoma,40025.0,83,0.0
2020-12-05,Garden,Nebraska,31069.0,82,0.0
2020-12-05,Sullivan,Pennsylvania,42113.0,81,1.0
2020-12-05,Woodson,Kansas,20207.0,78,0.0
2020-12-05,Bristol Bay Borough,Alaska,2060.0,76,0.0
2020-12-05,Dundy,Nebraska,31057.0,76,4.0
2020-12-05,Cheyenne,Colorado,8017.0,75,2.0
2020-12-05,Keweenaw,Michigan,26083.0,75,2.0
2020-12-05,Jeff Davis,Texas,48243.0,73,1.0
2020-12-05,Wallowa,Oregon,41063.0,72,3.0
2020-12-05,Webster,West Virginia,54101.0,72,0.0
2020-12-05,Dickens,Texas,48125.0,71,5.0
2020-12-05,Bath,Virginia,51017.0,69,0.0
2020-12-05,Cottle,Texas,48101.0,68,4.0
2020-12-05,Judith Basin,Montana,30045.0,66,0.0
2020-12-05,Garfield,Montana,30033.0,66,2.0
2020-12-05,Delta,Texas,48119.0,64,2.0
2020-12-05,Elk,Kansas,20049.0,63,0.0
2020-12-05,Jones,South Dakota,46075.0,63,0.0
2020-12-05,San Juan,Washington,53055.0,62,0.0
2020-12-05,Essex,Vermont,50009.0,62,0.0
2020-12-05,Webster,Georgia,13307.0,62,2.0
2020-12-05,Collingsworth,Texas,48087.0,61,1.0
2020-12-05,Piscataquis,Maine,23021.0,60,1.0
2020-12-05,Hamilton,New York,36041.0,60,1.0
2020-12-05,Shackelford,Texas,48417.0,59,0.0
2020-12-05,Garfield,Washington,53023.0,59,0.0
2020-12-05,Baylor,Texas,48023.0,59,5.0
2020-12-05,Storey,Nevada,32029.0,59,2.0
2020-12-05,Armstrong,Texas,48011.0,58,3.0
2020-12-05,Prince of Wales-Hyder Census Area,Alaska,2198.0,57,1.0
2020-12-05,Oldham,Texas,48359.0,57,2.0
2020-12-05,De Baca,New Mexico,35011.0,56,0.0
2020-12-05,Camas,Idaho,16025.0,56,0.0
2020-12-05,Wayne,Utah,49055.0,55,0.0
2020-12-05,Alpine,California,6003.0,53,0.0
2020-12-05,Mora,New Mexico,35033.0,51,0.0
2020-12-05,Clark,Idaho,16033.0,51,0.0
2020-12-05,Logan,Nebraska,31113.0,50,0.0
2020-12-05,Deuel,Nebraska,31049.0,50,0.0
2020-12-05,Columbia,Washington,53013.0,48,3.0
2020-12-05,Piute,Utah,49031.0,47,1.0
2020-12-05,Catron,New Mexico,35003.0,46,1.0
2020-12-05,Denali Borough,Alaska,2068.0,46,0.0
2020-12-05,Rich,Utah,49033.0,46,0.0
2020-12-05,Hooker,Nebraska,31091.0,46,1.0
2020-12-05,Grand Isle,Vermont,50013.0,46,0.0
2020-12-05,Hayes,Nebraska,31085.0,46,0.0
2020-12-05,Briscoe,Texas,48045.0,43,1.0
2020-12-05,Taliaferro,Georgia,13265.0,42,0.0
2020-12-05,Sterling,Texas,48431.0,41,1.0
2020-12-05,Aleutians East Borough,Alaska,2013.0,41,0.0
2020-12-05,Billings,North Dakota,38007.0,41,0.0
2020-12-05,Wahkiakum,Washington,53069.0,38,0.0
2020-12-05,Thomas,Nebraska,31171.0,36,0.0
2020-12-05,Treasure,Montana,30103.0,36,1.0
2020-12-05,Mineral,Colorado,8079.0,36,0.0
2020-12-05,Foard,Texas,48155.0,35,4.0
2020-12-05,Kiowa,Colorado,8061.0,34,0.0
2020-12-05,Irion,Texas,48235.0,34,0.0
2020-12-05,Loup,Nebraska,31115.0,33,0.0
2020-12-05,Glasscock,Texas,48173.0,33,1.0
2020-12-05,Cameron,Pennsylvania,42023.0,32,0.0
2020-12-05,Stonewall,Texas,48433.0,31,2.0
2020-12-05,Dolores,Colorado,8033.0,31,0.0
2020-12-05,Roberts,Texas,48393.0,30,1.0
2020-12-05,McMullen,Texas,48311.0,30,1.0
2020-12-05,Kent,Texas,48263.0,26,1.0
2020-12-05,Motley,Texas,48345.0,26,2.0
2020-12-05,Terrell,Texas,48443.0,26,1.0
2020-12-05,Highland,Virginia,51091.0,25,0.0
2020-12-05,Culebra,Puerto Rico,72049.0,25,
2020-12-05,Throckmorton,Texas,48447.0,25,2.0
2020-12-05,Gilliam,Oregon,41021.0,24,0.0
2020-12-05,Sherman,Oregon,41055.0,24,0.0
2020-12-05,Keya Paha,Nebraska,31103.0,24,0.0
2020-12-05,Golden Valley,Montana,30037.0,24,0.0
2020-12-05,Sioux,Nebraska,31165.0,23,0.0
2020-12-05,Eureka,Nevada,32011.0,23,0.0
2020-12-05,Petersburg Borough,Alaska,2195.0,23,0.0
2020-12-05,Jackson,Colorado,8057.0,22,0.0
2020-12-05,Grant,Nebraska,31075.0,21,2.0
2020-12-05,Wrangell City and Borough,Alaska,2275.0,21,0.0
2020-12-05,San Juan,Colorado,8111.0,19,0.0
2020-12-05,Slope,North Dakota,38087.0,19,0.0
2020-12-05,Wheeler,Nebraska,31183.0,17,0.0
2020-12-05,Sierra,California,6091.0,17,0.0
2020-12-05,Haines Borough,Alaska,2100.0,17,0.0
2020-12-05,McPherson,Nebraska,31117.0,17,0.0
2020-12-05,Banner,Nebraska,31007.0,16,0.0
2020-12-05,Arthur,Nebraska,31005.0,16,0.0
2020-12-05,Blaine,Nebraska,31009.0,15,0.0
2020-12-05,Kenedy,Texas,48261.0,13,2.0
2020-12-05,Esmeralda,Nevada,32009.0,12,0.0
2020-12-05,Skagway Municipality,Alaska,2230.0,11,0.0
2020-12-05,Petroleum,Montana,30069.0,10,1.0
2020-12-05,Hinsdale,Colorado,8053.0,10,0.0
2020-12-05,Daggett,Utah,49009.0,9,0.0
2020-12-05,Wheeler,Oregon,41069.0,7,0.0
2020-12-05,Harding,New Mexico,35021.0,6,0.0
2020-12-05,Lake and Peninsula Borough,Alaska,2164.0,5,0.0
2020-12-05,Borden,Texas,48033.0,5,0.0
2020-12-05,Tinian,Northern Mariana Islands,69120.0,2,0.0
2020-12-05,King,Texas,48269.0,2,0.0
2020-12-05,Loving,Texas,48301.0,1,0.0
